GeneID,DatabaseMatchScores,GOterms
OIT94561,1.60E-21,-
OIT95684,1.80E-71,GO:0016783
OIT94124,2.10E-17,-
OIT94124,6.50E-18,GO:0004315|GO:0006633
OIT94111,1.20E-16,-
OIT95654,8.00E-26,-
OIT96103,7.70E-19,-
OIT94900,1.80E-24,GO:0004784|GO:0006801|GO:0046872
OIT94900,2.40E-34,GO:0004784|GO:0006801|GO:0046872
OIT96324,6.50E-49,-
OIT94490,1.20E-36,-
OIT94420,5.60E-11,GO:0016020
OIT94502,8.80E-06,GO:0016787
OIT96380,2.20E-07,GO:0000160
OIT96380,1.30E-14,GO:0000160
OIT96380,2.80E-28,-
OIT91938,7.00E-53,-
OIT95889,2.70E-29,GO:0003735|GO:0005840|GO:0006412|GO:0019843
OIT95033,5.00E-18,GO:0016020|GO:0016021
OIT96056,1.30E-35,GO:0007165|GO:0016020
OIT95223,5.80E-26,GO:0003735|GO:0005840|GO:0006412
OIT95223,2.10E-28,GO:0003723|GO:0003735|GO:0005840|GO:0006412
OIT95231,1.80E-25,GO:0003735|GO:0005840|GO:0006412
OIT92954,8.30E-105,GO:0016740|GO:0016853
OIT95197,1.60E-09,GO:0016020
OIT95197,2.40E-08,-
OIT94537,1.30E-10,-
OIT96335,7.50E-58,GO:0006189
OIT95845,1.10E-31,GO:0016620|GO:0051287
OIT95845,4.20E-60,GO:0008652|GO:0016620|GO:0046983
OIT94506,6.50E-40,-
OIT95555,2.60E-76,-
OIT95886,2.00E-63,-
OIT94118,7.20E-22,GO:0016020|GO:0030001|GO:0046873|GO:0055085
OIT95916,2.30E-41,GO:0006520|GO:0016743
OIT95916,3.40E-22,GO:0006520|GO:0016597|GO:0016743
OIT94690,1.40E-12,GO:0000166|GO:0004826|GO:0005524|GO:0005737|GO:0006432
OIT94690,4.70E-96,GO:0000049|GO:0004812|GO:0005524|GO:0043039
OIT95548,7.20E-44,GO:0003824|GO:0009116
OIT96342,3.90E-09,
OIT96342,8.00E-15,
OIT96342,5.00E-22,GO:0005515|GO:0051301
OIT95031,8.70E-34,-
OIT96383,1.80E-109,GO:0000166|GO:0004812|GO:0005524|GO:0006418
OIT96383,1.30E-16,GO:0003676
OIT96383,2.90E-25,-
OIT96343,4.30E-41,
OIT96343,6.80E-21,GO:0003755
OIT94514,2.80E-39,GO:0008963|GO:0016021
OIT93029,5.70E-11,-
OIT94384,5.00E-08,
OIT94384,3.00E-13,-
OIT96089,2.30E-17,GO:0000160|GO:0003677|GO:0006355
OIT96089,1.40E-24,GO:0000160
OIT95570,2.40E-108,-
OIT96315,4.90E-12,GO:0008168
OIT96315,5.90E-06,-
OIT95521,8.90E-45,-
OIT96389,4.00E-53,GO:0009294
OIT96077,1.20E-20,-
OIT95702,1.20E-44,-
OIT94854,7.80E-11,GO:0009116
OIT93430,8.20E-10,-
OIT94914,2.20E-27,GO:0008168
OIT94458,1.70E-40,-
OIT96387,1.10E-44,GO:0008168
OIT95912,7.40E-30,-
OIT95010,6.90E-22,-
OIT94186,1.40E-123,GO:0004576|GO:0006486|GO:0016020
OIT94186,8.00E-27,-
OIT93434,2.20E-11,GO:0000746|GO:0019867
OIT95871,5.00E-12,GO:0005524|GO:0006298|GO:0030983
OIT95871,1.80E-18,-
OIT94213,9.20E-32,-
OIT94434,1.60E-30,-
OIT94434,2.80E-25,GO:0005525
OIT94434,1.60E-35,-
OIT94352,0.00012,GO:0005515
OIT95676,5.30E-13,-
OIT94207,1.90E-17,-
OIT95882,1.10E-29,-
OIT94488,1.30E-14,GO:0022857|GO:0055085
OIT96436,4.80E-67,-
OIT96045,1.10E-56,GO:0006605|GO:0016020
OIT96417,1.80E-13,GO:0003824|GO:0030151|GO:0030170
OIT96433,7.90E-101,GO:0003911
OIT96433,2.10E-30,GO:0003911|GO:0006260|GO:0006281
OIT96433,5.70E-12,-
OIT95320,1.50E-122,GO:0016831
OIT96081,7.00E-29,-
OIT96081,2.90E-35,-
OIT91935,6.40E-72,GO:0008767
OIT91935,1.50E-15,
OIT96397,1.40E-23,-
OIT94974,5.30E-19,-
OIT96062,7.00E-46,GO:0004367|GO:0005975
OIT96062,2.40E-16,GO:0016616|GO:0046168|GO:0051287
OIT93588,1.90E-30,GO:0005524
OIT92063,4.60E-68,-
OIT92063,7.60E-22,GO:0022857|GO:0055085
OIT92063,2.40E-19,GO:0016746
OIT95703,4.80E-12,GO:0000160|GO:0003677|GO:0006355
OIT95703,2.30E-25,GO:0000160
OIT94115,4.80E-100,-
OIT94419,5.70E-26,GO:0016020|GO:0055085
OIT94401,4.70E-10,-
OIT95238,1.90E-19,GO:0003735|GO:0005840|GO:0006412
OIT93435,4.20E-35,GO:0000746
OIT94565,3.10E-54,-
OIT94565,8.00E-123,GO:0003883|GO:0006221
OIT92623,7.10E-42,GO:0009061
OIT94743,2.80E-23,GO:0006935|GO:0009425|GO:0071973
OIT94655,3.10E-17,-
OIT94655,3.90E-41,-
OIT94655,3.80E-15,GO:0003824
OIT95899,4.70E-24,GO:0004852|GO:0033014
OIT95012,2.70E-38,-
OIT94246,1.40E-108,GO:0016651|GO:0048038|GO:0051287
OIT92123,1.30E-16,-
OIT95327,4.30E-33,GO:0016903
OIT95539,3.90E-24,GO:0015986
OIT96060,1.50E-105,GO:0005315|GO:0006817|GO:0016020
OIT95876,9.70E-11,GO:0006308|GO:0008855|GO:0009318
OIT94300,3.50E-19,-
OIT95200,8.30E-10,GO:0016491
OIT94478,1.10E-21,GO:0003735|GO:0005840|GO:0006412
OIT94779,6.40E-45,GO:0006508|GO:0008236
OIT94779,8.40E-17,-
OIT94779,1.50E-06,-
OIT95171,2.40E-122,GO:0004107|GO:0009073
OIT95642,8.40E-10,-
OIT94214,3.30E-10,GO:0016614|GO:0050660
OIT94214,1.80E-17,GO:0016614
OIT94454,1.10E-23,GO:0022857|GO:0055085
OIT96418,3.00E-22,GO:0016021
OIT96418,7.80E-38,GO:0016021
OIT94424,5.00E-26,GO:0000723|GO:0003678|GO:0006281
OIT94424,1.80E-07,GO:0004386|GO:0005524
OIT94904,1.20E-42,GO:0016021|GO:0016765
OIT95340,6.20E-33,GO:0005436|GO:0016020|GO:0044341
OIT95326,4.10E-23,-
OIT94291,2.10E-10,-
OIT94374,8.50E-68,GO:0016765
OIT94961,1.30E-42,GO:0003700|GO:0006355
OIT95484,3.40E-19,-
OIT95484,2.10E-07,-
OIT95310,7.50E-16,GO:0015297|GO:0016020|GO:0042910|GO:0055085
OIT95310,1.80E-24,GO:0015297|GO:0016020|GO:0042910|GO:0055085
OIT94776,4.60E-62,GO:0016020
OIT95225,1.10E-19,GO:0003735|GO:0005840|GO:0006412|GO:0019843
OIT95225,8.80E-07,GO:0003735|GO:0005840|GO:0006412|GO:0019843
OIT92224,3.10E-57,GO:0000105
OIT94841,8.80E-31,-
OIT95689,3.50E-101,GO:0016491
OIT95689,9.60E-56,-
OIT95674,4.10E-34,GO:0032324
OIT95674,1.90E-16,-
OIT93919,4.00E-26,-
OIT93919,5.50E-70,GO:0005524
OIT93919,1.10E-37,GO:0005524
OIT93919,7.00E-18,-
OIT93750,6.70E-79,-
OIT93040,1.30E-73,-
OIT94472,1.80E-29,GO:0003735|GO:0006412
OIT94472,3.90E-21,GO:0003735|GO:0005840|GO:0006412
OIT95850,3.10E-06,GO:0009116
OIT94321,5.40E-33,-
OIT95314,2.20E-120,-
OIT94605,2.00E-38,GO:0016021
OIT94742,4.50E-20,GO:0000287|GO:0008897
OIT94330,0,GO:0005524|GO:0016887
OIT95904,1.00E-23,-
OIT95233,6.10E-51,GO:0003735|GO:0005840|GO:0006412
OIT94391,4.10E-23,GO:0005525|GO:0006777
OIT95895,1.30E-26,-
OIT95895,1.50E-07,-
OIT93590,2.10E-67,GO:0016020|GO:0022857
OIT93592,1.00E-15,-
OIT94878,2.80E-39,GO:0008839|GO:0009089
OIT94878,4.60E-23,GO:0008839|GO:0009089
OIT94395,5.50E-11,GO:0016787
OIT94908,4.80E-30,
OIT95371,3.90E-07,-
OIT94772,1.10E-35,GO:0022857|GO:0055085
OIT94772,7.80E-18,GO:0022857|GO:0055085
OIT95508,3.90E-11,-
OIT95508,7.40E-52,-
OIT95508,7.70E-16,-
OIT94202,4.10E-34,-
OIT96099,5.10E-31,-
OIT95167,6.20E-21,GO:0022857|GO:0055085
OIT94885,9.50E-34,
OIT94885,3.80E-74,-
OIT94885,8.70E-21,-
OIT94407,6.20E-94,GO:0016765
OIT91419,5.80E-07,-
OIT90411,2.30E-06,GO:0003729
OIT95328,2.90E-34,GO:0003824|GO:0030976
OIT94421,1.80E-36,GO:0016020|GO:0017038
OIT94421,1.50E-128,GO:0005524|GO:0016020|GO:0017038
OIT94421,1.50E-58,GO:0016020|GO:0017038
OIT94421,1.50E-09,-
OIT96120,4.20E-19,-
OIT95660,2.10E-27,GO:0008199
OIT95541,3.10E-28,GO:0022857|GO:0055085
OIT94920,2.80E-21,-
OIT96362,0,GO:0004055|GO:0005524|GO:0006526
OIT94456,0,GO:0007155
OIT94709,1.60E-08,GO:0016491
OIT95927,4.30E-54,GO:0008914|GO:0030163
OIT95186,1.20E-06,-
OIT95713,6.50E-45,GO:0005524
OIT95713,1.50E-10,GO:0005524|GO:0016787
OIT95713,1.40E-12,GO:0005524|GO:0016787
OIT94184,1.40E-61,-
OIT95069,4.70E-69,GO:0004834|GO:0006568
OIT94432,3.40E-13,-
OIT94432,1.80E-13,-
OIT94505,2.10E-13,-
OIT95857,6.60E-13,GO:0004057|GO:0016598
OIT95857,7.20E-30,GO:0004057|GO:0016598
OIT95651,1.00E-30,-
OIT96321,0,GO:0003849|GO:0009073
OIT94464,3.80E-07,-
OIT94464,1.50E-06,-
OIT94469,5.10E-41,GO:0003735|GO:0005840|GO:0006412
OIT94607,1.50E-21,-
OIT94607,1.30E-16,GO:0003735|GO:0005840|GO:0006412|GO:0008097
OIT93038,6.10E-23,-
OIT95176,6.30E-19,GO:0005506|GO:0016226|GO:0051536
OIT95494,6.30E-21,-
OIT94297,3.60E-13,-
OIT94992,1.00E-09,-
OIT94843,3.20E-46,GO:0003735|GO:0005840|GO:0006412|GO:0019843
OIT95403,0,GO:0004450|GO:0006099
OIT93926,1.60E-38,GO:0016209|GO:0016491
OIT95688,5.60E-36,-
OIT95688,8.30E-17,-
OIT96033,1.20E-16,GO:0016491
OIT96033,3.30E-19,GO:0016616
OIT93921,0,
OIT93757,1.50E-48,GO:0005524|GO:0016021|GO:0042626|GO:0055085
OIT93757,9.00E-31,GO:0005524
OIT94767,4.00E-10,-
OIT92781,2.10E-31,GO:0016757
OIT95132,7.60E-12,GO:0003899|GO:0006351
OIT95132,3.10E-19,GO:0003899|GO:0006351|GO:0046983
OIT95132,6.00E-22,GO:0003677|GO:0003899|GO:0006351
OIT96421,1.80E-09,-
OIT95219,3.90E-27,GO:0008239
OIT95219,7.50E-61,GO:0016787
OIT96377,1.20E-26,-
OIT96377,4.40E-12,GO:0042834
OIT95020,3.10E-33,-
OIT92227,2.90E-35,-
OIT95723,1.70E-85,-
OIT94542,2.80E-57,GO:0003677|GO:0003918|GO:0005524|GO:0006265
OIT94542,2.50E-21,-
OIT94542,4.10E-29,GO:0003677|GO:0003918|GO:0005524|GO:0006265
OIT94542,2.20E-18,-
OIT94200,1.00E-66,GO:0000166|GO:0004812|GO:0005524|GO:0006418
OIT94591,1.00E-20,-
OIT94245,1.30E-34,GO:0008137
OIT96442,1.50E-06,GO:0003723
OIT94106,5.30E-108,GO:0016021
OIT95485,1.90E-58,-
OIT96356,2.00E-27,-
OIT96356,1.30E-12,GO:0003677|GO:0005524|GO:0016787
OIT96356,1.60E-17,-
OIT96356,1.20E-17,-
OIT96356,1.00E-09,GO:0005515
OIT94777,9.80E-21,GO:0009116
OIT94314,3.60E-20,GO:0016020|GO:0055085
OIT91745,1.60E-07,-
OIT94747,2.00E-20,GO:0003824|GO:0009058
OIT94289,1.00E-24,GO:0003697
OIT93190,3.20E-08,-
OIT93190,1.40E-06,-
OIT93190,1.10E-28,GO:0097367|GO:1901135
OIT95369,2.90E-19,-
OIT94404,1.70E-40,GO:0004488
OIT94404,8.10E-70,GO:0004488
OIT95656,4.50E-16,GO:0005524
OIT94971,8.10E-09,GO:0003677|GO:0045892
OIT94971,7.60E-20,-
OIT96323,4.20E-44,GO:0003735|GO:0005840|GO:0006412
OIT96067,7.90E-108,GO:0003871|GO:0008270|GO:0008652
OIT96067,0,GO:0003871|GO:0008270|GO:0009086
OIT94765,2.60E-26,GO:0010181
OIT95643,1.20E-63,GO:0003677|GO:0006306|GO:0008170
OIT95643,6.70E-15,-
OIT96358,2.70E-62,GO:0006813|GO:0008556
OIT95192,0,GO:0006814|GO:0006885|GO:0016021
OIT94978,1.60E-34,GO:0003690|GO:0042262
OIT94883,2.00E-87,-
OIT92472,2.40E-35,-
OIT94673,3.90E-16,-
OIT92777,2.10E-26,GO:0003824
OIT93933,3.60E-14,-
OIT93933,7.30E-24,GO:0016491|GO:0043546
OIT93933,2.50E-88,GO:0016491
OIT95232,1.70E-16,GO:0003735|GO:0005840|GO:0006412
OIT94324,3.50E-08,-
OIT94324,0.0013,-
OIT94855,1.20E-12,-
OIT91840,8.80E-67,-
OIT95894,6.70E-32,GO:0044780
OIT94871,3.10E-76,GO:0016020|GO:0016311|GO:0050380
OIT94122,0,-
OIT96378,3.30E-14,-
OIT96378,2.90E-27,-
OIT96104,2.80E-85,GO:0005737|GO:0008615|GO:0033856
OIT95230,1.00E-54,GO:0003735|GO:0005840|GO:0006412
OIT92629,1.30E-05,-
OIT92629,5.40E-19,GO:0003723|GO:0006396|GO:0016779
OIT94097,8.60E-87,-
OIT96401,2.70E-42,-
OIT94485,3.80E-12,-
OIT94485,2.60E-14,GO:0003677|GO:0005524|GO:0016787
OIT95887,2.50E-58,GO:0016491
OIT95887,4.50E-24,GO:0045454
OIT92952,1.00E-06,GO:0015031
OIT95318,2.30E-08,-
OIT95318,1.60E-50,GO:0007155|GO:0009288
OIT95318,3.10E-16,GO:0009424
OIT94851,3.00E-49,-
OIT93197,5.70E-35,-
OIT93930,2.30E-37,-
OIT95190,2.10E-28,-
OIT96390,3.20E-62,-
OIT95507,2.00E-29,-
OIT95376,2.20E-37,-
OIT94145,3.20E-37,-
OIT94145,1.30E-94,-
OIT94145,7.60E-16,-
OIT95736,2.50E-06,-
OIT95736,1.90E-12,
OIT93431,4.70E-09,GO:0005524|GO:0016787
OIT93431,1.40E-12,
OIT94700,2.10E-07,GO:0005198
OIT94700,3.70E-18,GO:0005198
OIT95330,8.40E-10,-
OIT94430,2.00E-23,GO:0007165|GO:0016020
OIT94430,8.50E-05,GO:0007165|GO:0016021
OIT94606,2.80E-56,GO:0004045
OIT94375,8.30E-18,-
OIT95691,3.30E-41,GO:0003677|GO:0004519|GO:0006304
OIT95691,3.20E-53,-
OIT95691,1.50E-48,-
OIT95509,9.50E-12,-
OIT95509,1.60E-16,-
OIT94923,2.80E-09,-
OIT92776,2.40E-05,-
OIT92776,7.80E-11,
OIT94409,2.20E-47,-
OIT94836,1.50E-09,-
OIT96413,8.30E-18,-
OIT94995,4.40E-37,-
OIT94583,4.90E-121,GO:0009306|GO:0016020
OIT94860,4.40E-111,GO:0008483|GO:0030170
OIT94549,4.00E-22,
OIT95138,8.40E-19,-
OIT94663,7.60E-54,GO:0005975|GO:0016853
OIT95313,6.10E-25,
OIT94897,2.10E-30,GO:0016491
OIT94897,4.40E-37,-
OIT94784,3.50E-24,GO:0006099|GO:0016829
OIT94784,7.30E-115,-
OIT94307,6.60E-18,GO:0016491|GO:0043546
OIT94307,3.60E-17,GO:0016491
OIT94307,4.70E-68,GO:0016491
OIT95332,3.70E-23,GO:0003824
OIT95332,7.40E-72,-
OIT94243,2.00E-26,GO:0008137
OIT94152,6.30E-12,
OIT95544,5.50E-21,-
OIT95930,4.90E-95,-
OIT94316,7.00E-86,-
OIT93442,2.40E-35,-
OIT93442,2.40E-30,-
OIT94130,2.10E-102,-
OIT94538,3.40E-20,-
OIT94538,3.10E-09,-
OIT94538,1.60E-12,-
OIT94225,4.40E-23,-
OIT96334,6.90E-51,-
OIT95215,8.50E-128,GO:0046912
OIT95367,1.30E-26,-
OIT95054,9.20E-20,GO:0015562|GO:0055085
OIT95054,2.60E-29,GO:0015562|GO:0055085
OIT96118,6.30E-14,-
OIT95926,0.0012,-
OIT95926,2.70E-42,GO:0005524|GO:0016887
OIT95926,3.70E-24,-
OIT95926,1.90E-16,-
OIT95926,3.80E-13,GO:0005524|GO:0016887
OIT94600,7.90E-38,-
OIT94600,1.10E-60,-
OIT95738,3.70E-07,-
OIT95175,1.40E-32,-
OIT95175,1.00E-35,GO:0003677|GO:0003896|GO:0006260|GO:0008270
OIT95175,1.40E-19,
OIT94736,3.40E-34,
OIT95929,4.10E-20,-
OIT95929,2.80E-35,-
OIT96040,6.50E-20,GO:0016021|GO:0022857
OIT92346,2.90E-46,-
OIT96037,3.60E-38,GO:0000413|GO:0003755
OIT95840,3.70E-46,-
OIT95222,1.20E-17,-
OIT96032,7.90E-53,-
OIT96363,5.60E-19,-
OIT96363,6.50E-22,-
OIT94755,9.30E-19,-
OIT94755,8.00E-47,-
OIT94410,1.10E-27,GO:0003824
OIT94410,1.30E-78,-
OIT93763,1.00E-08,-
OIT94362,2.60E-112,-
OIT96316,9.00E-13,-
OIT92950,7.50E-20,GO:0016787
OIT95188,5.60E-45,-
OIT94540,3.60E-75,-
OIT94540,3.00E-21,GO:0005524|GO:0006270|GO:0006275|GO:0043565
OIT94540,1.60E-09,-
OIT95483,1.40E-16,-
OIT95483,7.00E-18,-
OIT94759,7.20E-40,-
OIT96058,7.10E-86,GO:0015293|GO:0016021
OIT94832,3.70E-33,GO:0008654|GO:0016020|GO:0016301
OIT95128,2.20E-20,GO:0003735|GO:0005840|GO:0006412
OIT96102,1.70E-16,-
OIT94238,1.80E-80,-
OIT94689,1.20E-27,-
OIT95317,1.50E-32,GO:0044780
OIT95480,2.00E-10,GO:0005525
OIT95480,2.30E-54,GO:0003924|GO:0005525
OIT95480,6.10E-22,-
OIT95890,4.20E-34,GO:0003697
OIT94907,4.20E-30,GO:0006777|GO:0019008|GO:0051539
OIT94907,8.90E-09,
OIT94907,1.30E-24,GO:0003824|GO:0051536
OIT94475,6.60E-22,GO:0003735|GO:0005840|GO:0006412
OIT94475,3.20E-31,-
OIT91936,9.80E-59,GO:0003824
OIT94468,2.50E-62,-
OIT94226,4.20E-06,-
OIT94154,2.00E-22,GO:0005524
OIT94154,1.80E-14,GO:0006353
OIT94154,3.20E-26,GO:0003723|GO:0006353
OIT91346,7.00E-07,-
OIT91346,2.30E-05,-
OIT95014,3.70E-18,-
OIT94750,6.70E-55,GO:0004807
OIT94310,1.50E-43,GO:0005524
OIT94310,1.10E-45,GO:0005524|GO:0016787
OIT96388,1.50E-26,GO:0006364
OIT93595,9.00E-49,
OIT94322,6.60E-43,-
OIT94322,1.50E-05,-
OIT94586,2.40E-56,-
OIT96304,1.90E-13,-
OIT94683,1.00E-33,GO:0003723|GO:0006396|GO:0008173
OIT95142,4.40E-15,-
OIT95142,6.10E-30,GO:0000105|GO:0004635
OIT96429,5.20E-13,-
OIT94425,9.90E-09,-
OIT94425,9.10E-13,-
OIT94425,1.50E-07,-
OIT94425,3.10E-17,-
OIT93201,3.30E-41,GO:0003747|GO:0006415
OIT93201,1.00E-55,GO:0006415
OIT94582,1.60E-15,-
OIT94582,3.90E-13,-
OIT94251,2.70E-10,-
OIT96050,2.40E-12,GO:0009055|GO:0020037
OIT96065,2.30E-19,GO:0016491
OIT96065,5.50E-27,-
OIT96075,3.30E-17,-
OIT96075,4.90E-25,-
OIT95540,1.20E-24,-
OIT94217,1.90E-37,-
OIT95179,1.20E-21,GO:0003677
OIT95910,8.20E-68,-
OIT95910,5.60E-08,-
OIT94761,2.80E-07,
OIT94761,1.00E-07,
OIT91837,6.20E-24,-
OIT96406,1.20E-35,-
OIT96047,3.70E-24,GO:0003746|GO:0006414
OIT96047,4.00E-50,GO:0003746|GO:0006414
OIT94119,6.70E-12,-
OIT94754,6.10E-107,GO:0016829
OIT94763,6.10E-15,-
OIT94167,1.20E-71,-
OIT96126,3.00E-06,-
OIT93593,1.50E-07,
OIT93593,5.00E-13,
OIT93593,1.60E-07,-
OIT96308,4.10E-07,GO:0016020|GO:0055085
OIT92345,1.10E-26,GO:0005198
OIT92345,3.60E-43,GO:0005198
OIT92345,5.80E-13,-
OIT92345,7.50E-11,-
OIT95869,7.20E-44,GO:0006865|GO:0016020
OIT95687,2.30E-15,-
OIT94730,6.60E-26,-
OIT95498,9.70E-26,-
OIT96341,1.20E-27,-
OIT96341,1.40E-37,GO:0005525
OIT94701,3.20E-50,GO:0000166|GO:0003677|GO:0005524
OIT94701,1.10E-14,GO:0000166|GO:0003677|GO:0005524
OIT94701,1.30E-23,-
OIT94701,3.90E-32,-
OIT95659,1.10E-30,GO:0004347|GO:0006094|GO:0006096
OIT93599,0.00024,-
OIT95863,3.10E-07,GO:0003824|GO:0051536
OIT95863,6.50E-24,-
OIT95045,3.10E-50,GO:0051287
OIT95045,3.80E-27,GO:0016616|GO:0051287
OIT94869,1.60E-30,GO:0003743|GO:0006413
OIT94869,8.50E-28,GO:0006413
OIT94993,2.40E-21,-
OIT93922,1.30E-15,-
OIT93922,2.80E-09,GO:0008270|GO:0046983
OIT93922,2.30E-48,GO:0005524|GO:0016887
OIT94381,0,GO:0006396|GO:0008173
OIT96333,0,GO:0000166|GO:0004820|GO:0005524|GO:0005737|GO:0006426
OIT94107,4.00E-26,-
OIT94107,1.30E-09,GO:0003700|GO:0006355
OIT95030,6.60E-61,GO:0000166|GO:0004812|GO:0005524|GO:0006418
OIT94888,3.30E-43,GO:0009058|GO:0016742
OIT95133,1.00E-34,GO:0003735|GO:0005840|GO:0006412
OIT92956,4.10E-12,-
OIT92956,2.90E-11,-
OIT92775,8.50E-57,GO:0003824
OIT94244,1.40E-20,GO:0051536
OIT94109,1.60E-06,-
OIT95512,0,GO:0009055|GO:0019646|GO:0070069
OIT92064,1.30E-11,GO:0016021|GO:0055085
OIT92064,1.40E-12,GO:0016021|GO:0055085
OIT95542,6.80E-11,
OIT95846,4.20E-22,GO:0000160
OIT95846,2.80E-68,GO:0005524|GO:0006355|GO:0008134
OIT94465,5.30E-11,-
OIT95568,8.70E-25,-
OIT95568,2.20E-18,-
OIT95567,1.40E-13,GO:0006364
OIT95706,9.50E-14,-
OIT96100,0,GO:0000166|GO:0004820|GO:0005524|GO:0005737|GO:0006426
OIT94252,5.90E-26,GO:0008137
OIT95564,3.40E-100,GO:0008759|GO:0009245
OIT94557,2.20E-32,GO:0007165|GO:0016020
OIT96064,9.50E-60,GO:0005506|GO:0009372|GO:0043768
OIT95344,1.20E-23,GO:0016021
OIT94676,1.60E-62,-
OIT95708,9.80E-30,-
OIT94580,3.30E-26,GO:0003677|GO:0003824
OIT94580,3.60E-24,GO:0003676|GO:0006139|GO:0008408
OIT94580,1.20E-128,GO:0003677|GO:0003887|GO:0006260
OIT94580,4.20E-41,GO:0003677
OIT96130,0,GO:0016151
OIT96078,4.20E-46,-
OIT94893,1.40E-09,GO:0015833|GO:0016021|GO:1904680
OIT94893,4.70E-101,GO:0015833|GO:0016021|GO:1904680
OIT94193,3.70E-38,GO:0016757
OIT93761,9.30E-09,GO:0005524|GO:0006281|GO:0006310|GO:0009378
OIT93761,6.70E-15,
OIT93761,1.80E-08,GO:0005524|GO:0006281|GO:0006310|GO:0009378|GO:0009379
OIT92625,1.80E-17,-
OIT96055,4.90E-12,GO:0005515
OIT96048,2.70E-95,GO:0003735|GO:0005840|GO:0006412
OIT94497,3.10E-29,-
OIT96366,1.30E-20,GO:0005525
OIT96366,4.60E-14,GO:0003723
OIT96116,1.40E-20,-
OIT95692,1.50E-17,GO:0003677|GO:0006304
OIT95349,3.00E-64,-
OIT94212,0.00049,-
OIT94212,0.0048,-
OIT94212,9.00E-05,-
OIT94921,8.50E-31,-
OIT95059,9.40E-20,GO:0005975
OIT95059,3.80E-31,GO:0005975|GO:0016868
OIT95059,2.80E-44,GO:0005975|GO:0016868
OIT95059,6.00E-05,GO:0016868|GO:0071704
OIT94685,6.80E-36,GO:0005524
OIT95695,1.90E-18,-
OIT95166,7.30E-27,-
OIT92125,5.70E-66,GO:0019867|GO:0046999
OIT95685,3.70E-06,GO:0003700|GO:0006355
OIT94344,0.00016,-
OIT94142,7.40E-86,GO:0016021|GO:0051301
OIT95322,3.30E-06,GO:0016020
OIT96430,2.50E-25,GO:0008531|GO:0009231
OIT96430,8.20E-05,GO:0003919|GO:0009231
OIT96430,9.30E-07,GO:0003919|GO:0009231
OIT95165,6.20E-15,-
OIT96349,2.10E-123,GO:0016746
OIT95304,4.20E-120,-
OIT95304,7.40E-07,GO:0005525
OIT94452,2.20E-21,-
OIT94629,1.30E-82,GO:0008915|GO:0009245
OIT95140,9.50E-20,GO:0006351|GO:0006355
OIT94999,2.30E-36,-
OIT94393,4.20E-18,GO:0016020
OIT94348,4.90E-12,GO:0003796|GO:0009253|GO:0016998
OIT94353,1.00E-25,-
OIT94353,1.70E-40,-
OIT95675,8.90E-11,GO:0006777
OIT96088,2.00E-17,-
OIT93748,3.40E-09,-
OIT93748,1.20E-06,-
OIT94610,2.70E-28,
OIT95860,3.00E-82,GO:0016021|GO:0051301
OIT95025,6.20E-19,-
OIT94192,2.40E-71,-
OIT94615,1.10E-31,
OIT96139,1.30E-12,-
OIT94919,4.90E-60,GO:0006520
OIT94919,7.90E-10,GO:0016491|GO:0050661
OIT94919,3.50E-13,-
OIT94143,4.50E-09,GO:0003723
OIT94143,5.80E-26,GO:0001522|GO:0003723|GO:0009451|GO:0009982
OIT94744,3.90E-30,GO:0005975|GO:0016868
OIT94744,9.20E-13,GO:0016868|GO:0071704
OIT94744,5.80E-17,GO:0005975
OIT94744,7.60E-17,GO:0005975|GO:0016868
OIT95067,1.70E-22,-
OIT94467,1.90E-35,-
OIT94467,4.40E-13,GO:0005525
OIT94467,5.00E-34,-
OIT94467,4.60E-51,GO:0005525
OIT94467,6.10E-69,GO:0003924|GO:0005525
OIT95187,1.10E-47,-
OIT94762,0,GO:0004096|GO:0020037
OIT94762,1.80E-20,-
OIT93585,0,GO:0006807|GO:0042279|GO:0042597
OIT94912,1.30E-37,GO:0006364|GO:0008168
OIT95018,2.80E-08,-
OIT95488,1.70E-39,GO:0016020|GO:0022857|GO:0055085
OIT93443,6.70E-12,GO:0004252|GO:0006465
OIT94323,2.70E-05,-
OIT94323,2.60E-36,GO:0003824
OIT94323,1.10E-15,-
OIT93582,1.50E-27,-
OIT95348,1.70E-29,-
OIT94137,1.20E-25,GO:0004471
OIT94137,2.60E-24,GO:0051287
OIT95377,6.80E-23,-
OIT95377,8.80E-09,-
OIT95377,4.50E-11,-
OIT94960,6.10E-27,GO:0000166|GO:0004812|GO:0005524|GO:0006418
OIT94960,1.80E-12,GO:0003676
OIT95209,0,GO:0003697|GO:0005524|GO:0006281
OIT92126,2.70E-06,
OIT94376,5.00E-38,GO:0016021
OIT96311,4.90E-51,GO:0016020|GO:0030001|GO:0046873|GO:0055085
OIT94694,1.30E-18,GO:0003676
OIT94694,3.10E-12,GO:0003676
OIT94694,6.70E-05,GO:0003676
OIT94694,1.60E-06,GO:0003676
OIT94694,1.50E-20,GO:0003676
OIT94694,2.80E-20,GO:0003676
OIT96361,7.50E-23,GO:0002949
OIT95716,6.60E-24,-
OIT95716,8.50E-12,-
OIT95026,4.10E-08,-
OIT95531,8.80E-65,-
OIT94585,6.10E-08,-
OIT93438,4.70E-08,-
OIT93438,2.20E-16,-
OIT94149,1.20E-41,GO:0006812|GO:0008324|GO:0016021|GO:0055085
OIT94110,1.30E-23,GO:0004252|GO:0016021
OIT96416,2.00E-16,-
OIT96416,7.90E-17,GO:0016020|GO:0017004
OIT96416,4.90E-13,-
OIT95311,5.30E-54,
OIT94294,2.80E-28,-
OIT94692,3.70E-130,GO:0016765
OIT94702,2.40E-34,GO:0003735|GO:0005840|GO:0006412
OIT94751,2.50E-83,
OIT94239,2.60E-22,GO:0016020|GO:0055085
OIT92778,8.50E-16,GO:0005524
OIT92778,6.70E-09,-
OIT94867,2.90E-15,GO:0004252|GO:0006508
OIT94127,6.30E-13,-
OIT94526,1.60E-18,-
OIT94526,4.70E-09,-
OIT94526,1.90E-14,-
OIT95335,2.30E-60,-
OIT95515,1.80E-34,GO:0006807|GO:0036361
OIT96352,1.80E-40,-
OIT94922,3.60E-47,GO:0016491
OIT91937,7.00E-63,GO:0016616|GO:0051287
OIT91937,1.10E-30,GO:0016616|GO:0051287
OIT91937,9.60E-34,GO:0016616|GO:0051287
OIT96111,4.50E-09,GO:0005515
OIT96111,5.20E-11,-
OIT96111,3.40E-41,-
OIT94670,1.20E-26,GO:0000287|GO:0004749|GO:0009165
OIT94670,2.90E-50,-
OIT95648,1.70E-13,-
OIT95648,5.30E-26,-
OIT94783,3.00E-10,-
OIT94783,1.90E-39,GO:0006508|GO:0008236
OIT95566,1.70E-33,GO:0003924|GO:0005525
OIT95566,4.80E-15,-
OIT95566,3.00E-15,-
OIT95566,1.90E-37,-
OIT95923,4.70E-51,GO:0003723
OIT96325,2.40E-09,-
OIT96325,4.50E-12,GO:0006364
OIT95526,3.30E-21,GO:0005525
OIT95526,1.30E-55,-
OIT95062,4.60E-15,GO:0004150|GO:0006760
OIT95856,6.40E-09,-
OIT96369,1.90E-64,GO:0016020|GO:0022857|GO:0055085
OIT95162,2.70E-46,GO:0003941|GO:0006094|GO:0051539
OIT95162,4.10E-88,-
OIT94385,1.30E-58,GO:0003994|GO:0006099
OIT94385,5.60E-42,-
OIT94385,1.70E-93,GO:0003994|GO:0006099
OIT94657,9.60E-74,-
OIT94657,2.90E-16,-
OIT95057,2.10E-53,-
OIT93766,2.10E-46,-
OIT95058,1.90E-25,GO:0004190|GO:0006508|GO:0016020
OIT94513,9.00E-73,GO:0003824|GO:0046872
OIT94513,1.20E-66,GO:0004619|GO:0005737|GO:0006007|GO:0030145
OIT94422,7.50E-10,-
OIT95164,2.10E-16,-
OIT95655,1.60E-10,GO:0016020|GO:0055085
OIT95155,2.00E-33,-
OIT95172,1.20E-36,GO:0004525|GO:0006396
OIT95172,2.80E-13,-
OIT93584,6.40E-18,-
OIT95547,6.60E-21,-
OIT96312,1.40E-29,-
OIT95549,1.60E-20,-
OIT92632,9.90E-09,GO:0000155|GO:0007165
OIT92632,3.00E-14,-
OIT94553,1.50E-42,-
OIT95501,1.30E-57,GO:0003855
OIT94622,1.50E-61,GO:0016787
OIT96425,4.70E-33,GO:0003676|GO:0016787|GO:0046872
OIT96041,8.70E-24,GO:0004814|GO:0005524|GO:0006420
OIT96041,3.20E-21,-
OIT96041,4.00E-16,GO:0000166|GO:0004814|GO:0005524|GO:0005737|GO:0006420
OIT95873,5.30E-18,GO:0005524|GO:0009058|GO:0016874
OIT95873,6.20E-08,GO:0005524|GO:0009058
OIT95873,1.50E-25,GO:0005524|GO:0009058
OIT93583,4.60E-32,-
OIT93583,6.90E-56,-
OIT93583,6.30E-71,-
OIT93583,1.60E-57,-
OIT95853,9.80E-27,GO:0015562|GO:0055085
OIT95853,2.70E-23,GO:0015562|GO:0055085
OIT96394,5.30E-27,GO:0016151|GO:0051604
OIT94487,1.90E-16,GO:0003824|GO:0051536
OIT96084,1.10E-10,-
OIT96084,6.40E-18,-
OIT94550,8.60E-12,GO:0005506
OIT94550,4.70E-21,GO:0016491|GO:0046872
OIT93765,1.50E-18,GO:0005524|GO:0009058
OIT95228,1.80E-36,-
OIT95228,2.00E-20,-
OIT95191,1.30E-130,GO:0006814|GO:0006885|GO:0016021
OIT94973,2.50E-05,-
OIT94973,7.50E-13,GO:0015074
OIT94659,1.30E-107,GO:0006508|GO:0070006
OIT95334,4.50E-79,-
OIT95334,1.10E-19,-
OIT94480,8.40E-37,GO:0005524
OIT95574,3.40E-09,-
OIT95924,8.30E-05,GO:0016209|GO:0016491
OIT94165,1.60E-27,-
OIT94593,2.40E-20,GO:0003676
OIT94593,1.80E-65,GO:0008855
OIT94359,3.80E-52,-
OIT90476,4.40E-16,-
OIT94379,1.10E-29,-
OIT95545,0.0016,GO:0005515
OIT94554,1.20E-79,-
OIT92951,6.30E-18,GO:0003824|GO:0051536
OIT94265,2.40E-06,GO:0003677|GO:0003896|GO:0006260|GO:0008270
OIT94265,1.00E-12,
OIT94134,6.40E-41,-
OIT94134,5.80E-81,GO:0005524
OIT94134,8.60E-38,-
OIT94138,1.20E-62,
OIT94102,0,GO:0004655|GO:0033014|GO:0046872
OIT95139,9.10E-74,GO:0000105
OIT95653,2.90E-68,-
OIT95051,7.10E-10,GO:0003677
OIT94195,7.10E-16,-
OIT94195,2.20E-21,-
OIT94195,5.00E-18,-
OIT95170,1.00E-15,
OIT95170,3.20E-08,GO:0004810
OIT94688,6.40E-37,-
OIT94548,1.40E-27,-
OIT94131,4.30E-104,-
OIT95546,3.30E-06,GO:0003755
OIT95848,5.10E-07,-
OIT95701,7.80E-42,-
OIT95701,4.30E-44,-
OIT94183,2.00E-82,-
OIT95511,6.20E-26,-
OIT95905,2.50E-30,-
OIT94541,1.60E-17,GO:0003887|GO:0006260|GO:0008408|GO:0009360
OIT94541,1.20E-11,GO:0003677|GO:0003887|GO:0006260|GO:0008408|GO:0009360
OIT94541,4.60E-17,GO:0003677|GO:0003887|GO:0006260|GO:0008408|GO:0009360
OIT92949,1.70E-29,-
OIT96306,5.30E-06,GO:0005524|GO:0022857|GO:0043190|GO:0055085
OIT96306,9.50E-36,GO:0005524
OIT94913,1.30E-31,GO:0003735|GO:0005840|GO:0006412
OIT91668,3.00E-41,-
OIT93598,2.90E-74,-
OIT95644,1.60E-24,-
OIT95644,2.80E-19,-
OIT95495,6.90E-75,GO:0003774|GO:0009425|GO:0071973
OIT95495,3.30E-13,-
OIT94161,1.20E-48,-
OIT95884,2.40E-14,GO:0008654|GO:0016020|GO:0016780
OIT94140,4.20E-23,GO:0006813
OIT95652,9.20E-12,GO:0016020|GO:0016021
OIT95652,3.00E-16,GO:0016020|GO:0016021
OIT94621,6.50E-23,-
OIT94664,1.00E-37,GO:0000156|GO:0000160|GO:0005737|GO:0006935|GO:0008984
OIT94872,1.10E-107,GO:0055085
OIT95037,1.90E-46,GO:0004590|GO:0006207
OIT94666,9.20E-34,GO:0005524
OIT94569,7.60E-31,GO:0008616|GO:0033739
OIT95339,6.70E-29,GO:0008658
OIT95339,1.10E-62,GO:0008658
OIT94837,1.50E-53,GO:0006777
OIT94863,2.40E-30,GO:0016620|GO:0051287
OIT94863,7.70E-25,GO:0008652|GO:0016620|GO:0046983
OIT96043,8.30E-50,-
OIT94534,8.60E-128,GO:0016616
OIT94508,2.00E-25,GO:0009055|GO:0051536
OIT94508,1.00E-08,-
OIT94852,2.50E-14,GO:0009306|GO:0015450|GO:0016021
OIT96405,2.50E-17,GO:0016020|GO:0055085
OIT94833,4.20E-37,GO:0016021
OIT94833,6.90E-36,GO:0008484
OIT95208,5.70E-55,-
OIT95208,7.40E-112,-
OIT96051,2.10E-56,GO:0009055|GO:0016020|GO:0016491
OIT96051,1.00E-28,GO:0009055|GO:0016020|GO:0016491
OIT94737,4.10E-34,GO:0000271|GO:0015774
OIT94737,9.70E-42,GO:0000271|GO:0015774
OIT92121,8.50E-100,-
OIT95657,4.20E-18,-
OIT95657,6.20E-18,-
OIT95657,3.60E-91,-
OIT95021,6.00E-07,-
OIT94589,9.80E-112,GO:0003824|GO:0006633|GO:0016747
OIT94437,1.30E-22,-
OIT95009,1.30E-13,-
OIT96440,5.80E-33,GO:0006813|GO:0008556
OIT95925,5.50E-30,GO:0030163
OIT95867,2.50E-07,-
OIT95883,2.60E-27,-
OIT94909,3.90E-28,-
OIT94241,4.40E-21,GO:0005524
OIT95331,3.70E-27,-
OIT95331,2.50E-14,GO:0003824
OIT94735,4.80E-13,GO:0009058|GO:0016779
OIT95052,8.00E-19,-
OIT90798,4.60E-34,GO:0007165|GO:0016020
OIT96327,1.30E-23,GO:0003735|GO:0005840|GO:0006412
OIT94581,6.30E-20,-
OIT94156,5.90E-12,-
OIT96074,1.70E-16,-
OIT96109,1.30E-13,GO:0003824|GO:0051536
OIT96109,9.20E-06,
OIT93034,1.60E-10,-
OIT93034,1.20E-104,GO:0016051
OIT94915,3.60E-06,GO:0008168
OIT94915,2.00E-32,GO:0003723|GO:0006396|GO:0008173
OIT95347,5.00E-39,
OIT96101,4.70E-31,-
OIT96422,1.00E-89,GO:0005975|GO:0008270|GO:0016832
OIT92478,6.20E-32,GO:0003676|GO:0016787|GO:0046872
OIT94511,3.00E-60,
OIT95201,4.90E-08,-
OIT95036,7.00E-34,GO:0003723|GO:0006355
OIT94476,2.80E-23,GO:0006355
OIT96441,1.30E-33,GO:0005524
OIT94382,1.20E-58,GO:0016021
OIT94191,2.80E-53,-
OIT95841,2.50E-45,-
OIT95673,5.30E-14,-
OIT94785,3.70E-38,-
OIT94831,1.60E-06,GO:0006260|GO:0006276
OIT94180,1.00E-29,GO:0000160
OIT95649,3.10E-32,-
OIT93203,2.90E-90,-
OIT93203,1.30E-11,GO:0000271|GO:0015774
OIT95711,3.60E-09,-
OIT96382,1.10E-42,GO:0003951|GO:0006741
OIT96330,2.10E-31,-
OIT96351,1.10E-126,GO:0016114|GO:0046429
OIT93931,1.40E-34,-
OIT95875,1.80E-10,GO:0006807
OIT93915,2.90E-15,
OIT95836,1.50E-24,GO:0005524
OIT95680,5.00E-10,GO:0016491
OIT95680,1.20E-12,GO:0016491
OIT95056,9.10E-13,GO:0003824|GO:0051536
OIT94889,3.40E-52,GO:0016021
OIT92127,1.60E-23,-
OIT92481,2.00E-06,-
OIT96385,1.40E-54,GO:0000287|GO:0004427|GO:0005737|GO:0006796
OIT95486,1.40E-07,-
OIT94327,8.50E-15,GO:0003677|GO:0004519|GO:0006304
OIT94327,1.60E-27,-
OIT94775,2.90E-36,-
OIT95189,1.00E-22,GO:0006807|GO:0036361
OIT94509,1.20E-80,-
OIT94509,3.60E-32,GO:0016491
OIT94360,8.70E-118,-
OIT94360,2.30E-44,-
OIT95145,5.60E-31,GO:0070567
OIT95145,6.80E-56,GO:0008685|GO:0016114
OIT92774,3.30E-40,GO:0008830
OIT96134,6.50E-85,GO:0018580
OIT96403,1.00E-34,GO:0005524
OIT94828,1.10E-09,-
OIT95360,1.50E-84,GO:0004425
OIT94613,4.10E-23,-
OIT94524,2.50E-34,-
OIT95490,5.40E-109,
OIT94671,0,GO:0009267|GO:0016020
OIT94671,8.30E-35,-
OIT96123,0,-
OIT94696,9.20E-11,-
OIT94696,1.40E-30,GO:0016616|GO:0051287
OIT94696,6.70E-56,GO:0051287
OIT94903,7.00E-51,
OIT95049,1.30E-15,GO:0003735|GO:0005840|GO:0006412
OIT95482,5.50E-13,-
OIT93030,2.00E-11,-
OIT94584,2.70E-30,GO:0016209|GO:0016491
OIT94584,6.70E-09,GO:0051920
OIT94882,1.10E-24,GO:0006457|GO:0015031
OIT94882,7.70E-35,GO:0006457|GO:0015031
OIT94882,6.40E-17,GO:0003755
OIT94222,6.70E-20,GO:0005524
OIT94222,1.10E-21,GO:0005524
OIT94222,2.10E-18,-
OIT92959,1.40E-06,-
OIT92959,5.50E-80,GO:0008686|GO:0009231
OIT94158,2.30E-38,GO:0003824
OIT96376,1.30E-06,
OIT94856,3.20E-66,GO:0009263
OIT95662,1.70E-15,GO:0004040
OIT94962,8.00E-29,GO:0009403|GO:0016020
OIT92621,2.00E-08,-
OIT92621,4.30E-06,-
OIT94601,2.60E-49,GO:0009058|GO:0030170
OIT94531,2.50E-12,GO:0008080
OIT95921,8.10E-21,GO:0003723|GO:0006109|GO:0006402
OIT95402,9.40E-18,GO:0002161
OIT95402,4.20E-15,-
OIT95402,4.50E-49,GO:0000166|GO:0004812|GO:0005524|GO:0006418
OIT95063,2.40E-19,GO:0000160
OIT95063,3.50E-20,GO:0000160|GO:0003677|GO:0006355
OIT94862,2.20E-11,GO:0008080
OIT94634,9.10E-34,GO:0006935|GO:0007165
OIT90731,3.90E-07,-
OIT94618,4.40E-34,GO:0005524
OIT95071,1.40E-34,GO:0004640|GO:0006568
OIT96309,4.30E-14,-
OIT95532,5.50E-14,-
OIT95532,3.50E-25,-
OIT95029,1.00E-38,GO:0000166|GO:0004812|GO:0005524|GO:0006418
OIT95029,6.20E-19,-
OIT95534,6.60E-13,GO:0015078|GO:0015986|GO:0045263
OIT94902,2.40E-53,-
OIT94529,1.20E-14,GO:0003824|GO:0051536
OIT94500,1.80E-15,-
OIT95060,2.40E-08,GO:0009055|GO:0020037
OIT95060,1.80E-44,GO:0016491
OIT94686,2.30E-21,GO:0016020|GO:0055085
OIT94752,4.80E-29,-
OIT94752,1.80E-28,GO:0051536
OIT95352,1.10E-33,-
OIT95352,2.70E-20,-
OIT95352,0.0047,-
OIT95352,1.90E-05,-
OIT95352,7.00E-15,GO:0005524|GO:0016887
OIT95352,3.70E-52,GO:0005524|GO:0016887
OIT94611,6.50E-94,GO:0008483|GO:0030170
OIT96402,9.70E-16,GO:0015297|GO:0016020|GO:0042910|GO:0055085
OIT96402,1.40E-22,GO:0015297|GO:0016020|GO:0042910|GO:0055085
OIT94355,3.80E-36,-
OIT95569,7.80E-10,GO:0005524|GO:0016887
OIT93194,1.00E-13,GO:0016020
OIT94658,3.00E-23,GO:0005525
OIT94658,4.40E-38,-
OIT95216,3.30E-38,GO:0006812|GO:0015299|GO:0016021|GO:0055085
OIT95704,1.10E-108,GO:0004129|GO:0009060|GO:0016021|GO:0020037
OIT94427,1.10E-15,-
OIT94427,2.00E-40,GO:0006812|GO:0008324|GO:0016021|GO:0055085
OIT95694,5.00E-113,GO:0003677|GO:0006306|GO:0008170
OIT95694,7.90E-20,-
OIT94357,8.40E-14,-
OIT95712,3.30E-21,-
OIT94861,1.10E-42,-
OIT95562,5.50E-70,GO:0004665|GO:0006571|GO:0008977
OIT95560,2.90E-10,GO:0046855
OIT96070,9.80E-54,GO:0015078|GO:0015986|GO:0045263
OIT95536,8.70E-17,GO:0046034|GO:1902600
OIT95536,1.00E-74,GO:0005524
OIT95536,4.80E-51,GO:0015986
OIT96080,1.90E-75,-
OIT95525,2.50E-38,GO:0003735|GO:0005840|GO:0006412
OIT96087,7.30E-98,GO:0005524|GO:0016887
OIT94551,0,GO:0003824
OIT94435,3.00E-29,-
OIT94435,2.30E-14,-
OIT95035,4.30E-55,GO:0009231|GO:0009349
OIT95356,9.40E-111,-
OIT94491,2.10E-10,-
OIT94491,2.10E-27,GO:0035596|GO:0051539
OIT94491,1.70E-26,GO:0003824|GO:0051536
OIT95143,1.30E-57,
OIT95143,6.00E-11,-
OIT95143,4.60E-15,-
OIT94682,1.40E-17,-
OIT94682,1.10E-36,-
OIT94216,7.80E-05,-
OIT95202,1.40E-29,-
OIT94668,1.70E-20,GO:0016020|GO:0055085
OIT94697,2.70E-18,GO:0000160
OIT94697,2.10E-15,GO:0000160|GO:0003677|GO:0006355
OIT94874,5.50E-08,-
OIT96034,1.50E-23,-
OIT95129,3.40E-31,GO:0003723|GO:0003735|GO:0005840|GO:0006412
OIT94859,2.90E-52,
OIT95198,2.10E-10,-
OIT95198,1.00E-12,GO:0016020
OIT95309,3.20E-85,-
OIT95558,1.30E-39,GO:0006364|GO:0008168
OIT96096,9.20E-16,GO:0003677|GO:0006355
OIT95391,7.10E-20,-
OIT95715,1.50E-41,GO:0003735|GO:0005840|GO:0006412
OIT94858,1.10E-08,-
OIT94858,0.00042,-
OIT94677,2.20E-27,-
OIT95308,3.00E-14,GO:0003678|GO:0005524|GO:0006260
OIT95308,6.80E-94,GO:0003678|GO:0005524|GO:0006260
OIT94753,3.70E-14,GO:0046914
OIT95184,2.80E-30,GO:0005524
OIT95520,1.50E-07,-
OIT94894,1.60E-24,-
OIT95072,1.50E-42,-
OIT95072,1.00E-74,GO:0016757
OIT95193,1.90E-11,-
OIT94564,1.40E-44,GO:0006231|GO:0050660|GO:0050797
OIT95699,1.40E-06,-
OIT92221,7.80E-84,GO:0016051
OIT92221,4.10E-12,-
OIT92960,3.10E-07,-
OIT92960,3.00E-22,-
OIT95573,2.00E-52,GO:0030001|GO:0046872
OIT96435,1.60E-12,
OIT96328,6.70E-70,GO:0005525|GO:0006614
OIT96328,1.40E-29,GO:0006614|GO:0008312|GO:0048500
OIT96328,4.30E-08,GO:0005525|GO:0006614
OIT94603,5.90E-17,-
OIT94603,3.20E-08,
OIT94136,1.70E-105,GO:0004812|GO:0005524|GO:0043039
OIT96113,1.10E-43,GO:0003922|GO:0005524|GO:0006164|GO:0006177
OIT96113,5.80E-06,-
OIT96113,3.00E-44,-
OIT96071,2.00E-13,
OIT96071,3.50E-12,-
OIT96071,2.10E-09,
OIT94390,1.30E-28,-
OIT94390,3.50E-36,-
OIT94486,5.80E-21,-
OIT95154,7.60E-32,GO:0005524
OIT95524,1.10E-31,GO:0005840
OIT96122,7.40E-30,-
OIT94247,8.90E-34,-
OIT95717,2.10E-36,-
OIT94369,2.70E-56,-
OIT94274,4.80E-26,GO:0003677
OIT96049,2.70E-110,
OIT92630,7.10E-46,GO:0009058|GO:0016742
OIT96076,5.50E-13,-
OIT94748,2.20E-61,GO:0016620
OIT94748,2.10E-36,GO:0051287
OIT96115,3.90E-22,GO:0004637|GO:0009113
OIT96115,4.10E-74,-
OIT96115,1.20E-23,GO:0004637|GO:0009113
OIT95891,4.30E-21,GO:0003735|GO:0005840|GO:0006412
OIT95168,1.40E-18,GO:0055085
OIT95234,1.20E-17,GO:0003723
OIT95234,3.20E-39,GO:0003735|GO:0006412
OIT95707,8.00E-17,-
OIT95707,3.90E-07,GO:0009055|GO:0020037
OIT95707,1.30E-06,GO:0009055|GO:0020037
OIT94185,8.80E-38,GO:0016757
OIT94185,1.50E-11,-
OIT94503,4.20E-49,GO:0003989|GO:0006633|GO:0009317
OIT94312,1.60E-31,GO:0004812|GO:0006418
OIT94312,7.60E-11,GO:0000166|GO:0004832|GO:0005524|GO:0005737|GO:0006438
OIT94312,0,GO:0000166|GO:0004812|GO:0005524|GO:0006418
OIT93437,8.50E-33,-
OIT96052,4.80E-12,GO:0051537
OIT95152,7.60E-16,-
OIT95152,1.80E-34,-
OIT94975,9.70E-10,GO:0003700|GO:0006352|GO:0006355
OIT92772,1.00E-17,GO:0016757
OIT95333,2.20E-31,GO:0016491
OIT95333,5.00E-16,GO:0016616
OIT95385,1.00E-14,-
OIT94347,2.90E-07,GO:0006629
OIT94117,0,GO:0006400|GO:0016763
OIT94492,1.10E-27,-
OIT94769,0,-
OIT93035,3.10E-81,-
OIT93927,1.20E-19,GO:0006725|GO:0016853
OIT94356,1.10E-112,-
OIT95565,2.60E-09,GO:0005524
OIT95931,5.70E-09,GO:0005515
OIT95931,9.80E-14,-
OIT95931,1.40E-40,GO:0007165|GO:0016020
OIT91260,1.40E-09,-
OIT91260,2.80E-18,
OIT94396,3.70E-50,GO:0004609|GO:0008654
OIT95211,1.00E-27,GO:0009306|GO:0016020
OIT92228,0,-
OIT94436,2.10E-63,GO:0016021|GO:0032977
OIT94436,1.10E-11,-
OIT95874,7.70E-17,GO:0008484
OIT94693,8.30E-88,GO:0019288|GO:0046872|GO:0050992|GO:0051745
OIT95705,1.60E-88,-
OIT94778,1.60E-43,GO:0016020|GO:0022857|GO:0055085
OIT94479,5.30E-19,GO:0005525
OIT94479,8.30E-57,GO:0003924|GO:0005525
OIT94479,5.60E-38,-
OIT94699,6.30E-11,GO:0003677
OIT94699,1.50E-25,GO:0005524
OIT94699,1.10E-22,GO:0005524
OIT94699,1.20E-08,-
OIT93923,9.90E-05,-
OIT93923,0.00018,-
OIT93923,4.40E-07,-
OIT93923,7.20E-21,-
OIT94679,8.50E-31,-
OIT95363,3.90E-20,GO:0008168
OIT95714,8.50E-42,GO:0003735|GO:0005840|GO:0006412
OIT95214,1.50E-35,GO:0046855
OIT95217,2.80E-12,GO:0003824|GO:0051536
OIT95217,1.20E-09,-
OIT94987,1.10E-28,GO:0004518
OIT96434,3.40E-52,GO:0042558
OIT94877,1.70E-54,-
OIT94877,7.60E-15,GO:0006281|GO:0006310|GO:0009378
OIT94877,1.70E-09,-
OIT94731,4.50E-12,GO:0008168
OIT94981,1.10E-17,-
OIT95862,1.20E-30,-
OIT94758,4.60E-15,GO:0016021
OIT94318,1.50E-18,-
OIT95881,8.30E-44,-
OIT95196,1.80E-29,-
OIT95196,2.50E-12,-
OIT94484,5.20E-05,GO:0019825
OIT94499,5.20E-25,GO:0003735
OIT94884,4.70E-49,GO:0042586
OIT94672,4.50E-19,-
OIT96423,1.60E-22,
OIT94594,6.70E-49,GO:0008168
OIT95135,0,GO:0016616|GO:0046872|GO:0051287
OIT94197,4.30E-05,-
OIT94197,1.10E-15,-
OIT95476,1.20E-13,-
OIT94740,1.40E-83,GO:0004497|GO:0005506|GO:0016705|GO:0020037
OIT95319,1.80E-23,-
OIT94547,9.10E-29,GO:0016491
OIT94547,3.90E-15,-
OIT96314,4.20E-38,-
OIT96314,3.90E-40,GO:0004222|GO:0006508
OIT95206,2.70E-10,-
OIT93036,1.60E-06,-
OIT93036,0.0061,-
OIT93036,2.70E-43,GO:0009058|GO:0016779
OIT94402,3.20E-74,GO:0008483|GO:0030170
OIT94704,0,GO:0009306|GO:0016020
OIT94545,3.40E-71,GO:0016491
OIT94545,0,GO:0006537|GO:0015930|GO:0016638
OIT94545,0,-
OIT94545,2.00E-110,GO:0006807|GO:0015930
OIT95729,1.30E-05,-
OIT92223,7.50E-20,-
OIT95906,2.00E-07,GO:0005524|GO:0009058
OIT91488,2.20E-14,-
OIT95041,1.40E-28,GO:0005524|GO:0016887
OIT94614,1.30E-08,
OIT94474,3.20E-55,-
OIT95218,0,GO:0003677|GO:0003916|GO:0006265
OIT95218,1.80E-28,-
OIT95218,9.10E-15,GO:0003677|GO:0003916|GO:0005694|GO:0006265
OIT95218,0.00042,GO:0003677|GO:0003916|GO:0005694|GO:0006265
OIT95218,8.00E-13,GO:0003677|GO:0003916|GO:0005694|GO:0006265
OIT94849,5.70E-58,GO:0016020|GO:0055085
OIT93929,1.80E-34,-
OIT94194,1.10E-51,GO:0016021|GO:0016740
OIT94187,3.50E-33,GO:0016757
OIT94187,8.80E-07,-
OIT94388,7.30E-22,GO:0000049
OIT94388,5.20E-107,GO:0000166|GO:0004812|GO:0005524|GO:0006418
OIT95917,2.90E-10,-
OIT95917,8.20E-48,GO:0004222|GO:0006508
OIT95148,3.90E-42,GO:0006629|GO:0008962
OIT95720,1.60E-43,GO:0009306
OIT96129,1.80E-30,GO:0009055|GO:0016021
OIT96141,3.70E-31,GO:0005524
OIT92622,7.20E-08,-
OIT92622,9.40E-13,-
OIT92622,2.20E-05,-
OIT96329,1.40E-23,GO:0001522|GO:0003723|GO:0009451|GO:0009982
OIT94891,2.10E-13,GO:0016787
OIT94857,2.60E-10,-
OIT94857,7.30E-36,-
OIT94208,5.70E-37,GO:0016491
OIT94208,9.80E-118,-
OIT94101,3.00E-52,GO:0006520|GO:0016597|GO:0016743
OIT94101,1.30E-50,GO:0006520|GO:0016743
OIT96339,2.60E-11,-
OIT96339,2.70E-23,-
OIT94653,1.80E-15,GO:0015078|GO:0033177|GO:1902600
OIT95516,1.40E-20,-
OIT94879,1.60E-20,-
OIT94879,1.10E-10,GO:0009116
OIT94315,3.80E-93,-
OIT94443,3.30E-15,-
OIT95149,5.80E-22,GO:0003723|GO:0003735|GO:0005840|GO:0006412
OIT94830,1.60E-10,GO:0016787
OIT96073,1.60E-11,-
OIT91939,8.90E-29,-
OIT95915,1.30E-67,GO:0015293|GO:0016021
OIT96360,1.20E-10,GO:0001216|GO:0016987
OIT96360,9.50E-47,GO:0001216
OIT96360,1.40E-29,GO:0003677|GO:0006352
OIT94482,2.40E-13,GO:0016020|GO:0055085
OIT95866,7.50E-101,-
OIT95351,7.60E-24,GO:0003677|GO:0006355|GO:0046872
OIT95686,1.60E-35,GO:0007165|GO:0016020
OIT96127,1.70E-12,-
OIT96127,2.00E-06,-
OIT95835,7.60E-43,GO:0017004|GO:0020037
OIT95835,8.10E-10,-
OIT94108,9.50E-24,GO:0003700|GO:0006352|GO:0006355
OIT94108,2.00E-11,GO:0003677|GO:0003700|GO:0006352|GO:0006355|GO:0016987
OIT94108,1.30E-19,GO:0003700|GO:0006352|GO:0006355
OIT94108,2.80E-21,GO:0003700|GO:0006352|GO:0006355
OIT94624,2.10E-14,GO:0022857|GO:0055085
OIT96371,2.50E-33,GO:0008658
OIT96371,1.20E-64,GO:0008658
OIT96404,2.30E-21,GO:0016020|GO:0055085
OIT96404,3.20E-06,-
OIT94562,0,GO:0006260
OIT94562,2.00E-24,GO:0004748|GO:0005524|GO:0006260
OIT94562,1.40E-18,-
OIT94139,7.20E-10,-
OIT96092,3.90E-06,-
OIT95538,2.20E-64,GO:0005524
OIT95538,3.20E-18,GO:0046034|GO:1902600
OIT96061,1.90E-11,GO:0016787
OIT95731,8.10E-113,GO:0005198|GO:0009428|GO:0030288|GO:0071973
OIT94609,2.90E-23,GO:0016021|GO:0022857
OIT95696,3.30E-18,-
OIT95696,1.60E-25,-
OIT94163,2.50E-32,-
OIT94286,1.30E-06,-
OIT94169,1.30E-106,-
OIT94870,4.40E-14,GO:0004812|GO:0005524|GO:0043039
OIT94870,1.30E-21,-
OIT94870,1.40E-39,GO:0000166|GO:0004812|GO:0005524|GO:0006418
OIT92779,2.00E-24,GO:0097367|GO:1901135
OIT94254,7.90E-80,-
OIT94254,2.70E-17,-
OIT92957,5.60E-47,GO:0003824|GO:0030976
OIT92957,2.30E-53,GO:0030976
OIT92957,3.90E-45,GO:0000287|GO:0030976
OIT95664,1.60E-42,GO:0004140|GO:0005524|GO:0015937
OIT94774,4.30E-13,GO:0016020
OIT94774,4.70E-11,GO:0016020
OIT94674,3.20E-06,-
OIT92483,1.70E-10,-
OIT94599,2.70E-29,-
OIT94599,1.80E-27,-
OIT94599,1.50E-34,-
OIT94578,9.70E-32,-
OIT94578,3.00E-09,GO:0005524
OIT94578,1.30E-14,-
OIT94428,1.40E-97,GO:0004668|GO:0009446
OIT95552,2.40E-33,GO:0004222|GO:0006364
OIT95903,1.40E-17,-
OIT95903,1.20E-15,GO:0003676|GO:0005524
OIT95903,5.50E-16,GO:0006281
OIT95903,6.20E-21,-
OIT95903,3.10E-17,-
OIT95728,6.30E-16,GO:0005515|GO:0044780
OIT94968,2.20E-27,GO:0006099|GO:0008924
OIT94483,4.00E-18,-
OIT94483,1.00E-07,GO:0003677|GO:0006355
OIT94560,2.50E-28,GO:0001522|GO:0003723|GO:0009451|GO:0009982
OIT95908,7.10E-08,GO:0019867|GO:0043165
OIT95195,6.40E-67,-
OIT94234,5.90E-27,GO:0022857|GO:0055085
OIT95221,2.40E-102,GO:0015031|GO:0016020
OIT94846,8.90E-07,-
OIT94566,3.10E-19,GO:0003676
OIT94566,4.50E-11,-
OIT94566,1.30E-23,-
OIT95130,4.10E-42,GO:0003735|GO:0005840|GO:0006412
OIT94746,5.80E-22,
OIT94296,4.10E-22,-
OIT94473,2.60E-20,-
OIT94320,3.10E-19,GO:0003824|GO:0009058
OIT95535,4.90E-22,GO:0015986|GO:0046933
OIT95205,3.20E-29,-
OIT95205,7.20E-12,GO:0003910|GO:0005524|GO:0006281|GO:0006310
OIT94113,6.90E-17,GO:0003824|GO:0051536
OIT94113,1.30E-17,GO:0035596|GO:0051539
OIT95537,3.00E-81,GO:0015986|GO:0045261|GO:0046933
OIT96350,1.80E-53,GO:0003774|GO:0009427|GO:0071973
OIT96305,7.20E-57,-
OIT94301,2.10E-27,-
OIT94206,9.60E-66,GO:0005887|GO:0008961|GO:0042158
OIT94577,6.70E-35,GO:0016021
OIT94516,2.00E-54,-
OIT94516,2.80E-27,-
OIT94786,8.90E-26,-
OIT94786,2.40E-78,GO:0006281|GO:0006310|GO:0009378
OIT94786,4.30E-24,GO:0003677|GO:0006281|GO:0006310|GO:0009378
OIT94749,0,GO:0004618|GO:0006096
OIT94997,1.30E-17,-
OIT94126,4.40E-09,
OIT96347,1.10E-05,GO:0003677|GO:0003824|GO:0006304
OIT94459,3.30E-12,-
OIT94459,4.90E-31,GO:0016787
OIT95557,1.20E-11,GO:0008270
OIT96336,2.70E-82,-
OIT94632,4.80E-15,GO:0000160
OIT94632,8.00E-36,GO:0006935|GO:0007165
OIT94665,6.00E-50,-
OIT94438,8.40E-24,GO:0000049|GO:0004526|GO:0008033
OIT95073,7.80E-78,-
OIT94507,2.50E-16,-
OIT94507,2.80E-12,-
OIT94173,7.10E-28,GO:0016021
OIT96379,1.10E-73,GO:0016788
OIT94994,3.70E-16,-
OIT94535,1.20E-33,GO:0003852|GO:0009098
OIT94535,6.80E-99,GO:0003824
OIT95194,2.00E-20,GO:0005381|GO:0016020|GO:0033573|GO:0034755
OIT94179,9.30E-49,
OIT95650,4.00E-27,-
OIT95006,4.30E-10,-
OIT93928,3.60E-42,GO:0003824
OIT94190,2.90E-18,GO:0005524|GO:0016021|GO:0042626|GO:0055085
OIT94190,1.90E-38,GO:0005524
OIT95150,3.10E-69,GO:0006415
OIT95150,1.10E-40,GO:0003747|GO:0006415
OIT96332,6.80E-62,-
OIT90590,1.20E-07,-
OIT96133,7.50E-50,GO:0008745|GO:0009253
OIT95001,9.50E-39,-
OIT95001,1.10E-08,-
OIT95682,2.70E-10,-
OIT94543,1.90E-42,-
OIT94543,1.60E-16,GO:0016491|GO:0030151
OIT94477,2.40E-15,GO:0006605|GO:0006886|GO:0016020
OIT95645,6.60E-17,GO:0003677|GO:0006304
OIT95645,2.50E-17,GO:0003677|GO:0006304
OIT94164,1.30E-05,-
OIT94868,9.20E-24,GO:0009007|GO:0032775
OIT94733,1.10E-10,GO:0016310|GO:0016772
OIT94733,0.0002,GO:0005524|GO:0016301|GO:0016310
OIT94204,1.50E-06,-
OIT94204,2.10E-21,GO:0004764
OIT94204,2.90E-06,-
OIT93191,7.20E-05,-
OIT93191,1.20E-10,GO:0015159|GO:0015774|GO:0016020
OIT95571,5.80E-72,GO:0005887|GO:0042626|GO:0043190|GO:0055085
OIT96364,2.60E-26,GO:0005839|GO:0051603
OIT94112,2.20E-11,-
OIT94112,1.20E-42,GO:0005524|GO:0016887
OIT94515,1.80E-15,GO:0005524|GO:0009058
OIT95854,3.90E-12,-
OIT96090,2.60E-12,-
OIT95398,5.30E-07,
OIT94098,6.90E-09,
OIT94098,5.90E-16,-
OIT94098,3.10E-12,-
OIT95239,7.00E-46,GO:0003735|GO:0005840|GO:0006412
OIT95185,1.10E-11,-
OIT94890,1.00E-29,-
OIT93753,5.90E-58,
OIT95533,1.70E-10,GO:0015078|GO:0015986|GO:0045263
OIT94471,8.80E-22,GO:0003677|GO:0003899|GO:0006351
OIT94471,4.20E-11,GO:0003677|GO:0003899|GO:0006351
OIT94471,4.90E-17,GO:0003677|GO:0003899|GO:0006351
OIT94471,1.20E-20,GO:0003899|GO:0006351
OIT94471,2.30E-29,GO:0003677|GO:0003899|GO:0006351
OIT94471,3.00E-24,GO:0003677|GO:0003899|GO:0006351
OIT94471,0,GO:0003677|GO:0003899|GO:0006351
OIT94525,1.50E-14,GO:0001522|GO:0003723|GO:0009451|GO:0009982
OIT94525,9.30E-09,GO:0003723
OIT94406,1.00E-35,GO:0032324
OIT94406,3.50E-13,-
OIT95153,2.50E-84,GO:0016020|GO:0022857
OIT95859,1.50E-76,GO:0005524
OIT95859,6.10E-44,-
OIT95859,1.60E-35,-
OIT95157,8.20E-28,GO:0022857|GO:0055085
OIT94162,3.50E-35,GO:0016757
OIT93193,4.10E-13,GO:0005524
OIT94620,4.40E-17,GO:0008080
OIT94210,4.30E-32,-
OIT94157,3.80E-08,GO:0009055|GO:0020037
OIT96072,2.40E-73,GO:0005525|GO:0006614
OIT94604,3.90E-26,GO:0003824
OIT94604,1.20E-62,GO:0003824
OIT95506,2.30E-10,-
OIT93198,4.20E-18,
OIT94546,1.20E-16,-
OIT94546,1.90E-34,-
OIT95551,1.10E-31,-
OIT95338,5.40E-25,GO:0003774|GO:0005198|GO:0009288|GO:0071973
OIT90460,3.00E-18,-
OIT93925,4.40E-58,-
OIT96038,4.50E-78,-
OIT95137,5.10E-58,GO:0003677|GO:0006306|GO:0008170
OIT94738,2.20E-70,GO:0000271|GO:0015774
OIT92620,3.40E-08,GO:0016491|GO:0043546
OIT94782,2.00E-20,
OIT94782,4.80E-31,GO:0097367|GO:1901135
OIT94782,3.50E-09,GO:0097367|GO:1901135
OIT94698,1.40E-08,GO:0000155|GO:0007165
OIT94698,6.40E-14,-
OIT93037,3.60E-06,GO:0000166
OIT96391,6.10E-76,-
OIT96391,3.00E-63,GO:0004455|GO:0009082
OIT91789,4.10E-07,-
OIT94588,7.60E-11,GO:0003735|GO:0006412|GO:0015934
OIT95527,4.30E-36,-
OIT95224,4.20E-36,GO:0003735|GO:0005840|GO:0006412
OIT95227,3.80E-22,GO:0003735|GO:0005840|GO:0006412
OIT94302,1.20E-09,-
OIT95357,2.10E-17,GO:0000166
OIT94630,2.30E-26,GO:0003677|GO:0032784
OIT94630,5.40E-28,GO:0003677|GO:0032784
OIT96039,3.00E-18,GO:0016021|GO:0022857
OIT95901,8.40E-13,GO:0006284
OIT94527,1.30E-49,-
OIT94175,6.00E-70,-
OIT95842,2.20E-07,GO:0009055|GO:0020037
OIT96108,3.60E-116,GO:0004853|GO:0006779
OIT94177,6.30E-07,GO:0004609|GO:0008654
OIT94147,5.20E-32,-
OIT95739,4.70E-14,-
OIT96057,1.60E-12,GO:0005515
OIT95404,1.30E-08,-
OIT95837,2.20E-35,GO:0005524
OIT93199,2.30E-56,-
OIT95182,2.40E-07,-
OIT95182,1.60E-115,-
OIT95182,1.10E-37,-
OIT94235,1.70E-13,GO:0005524|GO:0016021|GO:0042626|GO:0055085
OIT94235,1.20E-28,GO:0005524
OIT94116,3.20E-07,GO:0006813|GO:0008324
OIT95919,3.20E-57,GO:0005524
OIT95919,8.50E-74,GO:0005524|GO:0016787
OIT95902,3.80E-89,-
OIT96119,1.50E-21,GO:0006725|GO:0016853
OIT95697,0,GO:0004019|GO:0005525|GO:0006164
OIT95032,7.70E-22,GO:0005525
OIT95032,1.60E-22,GO:0005525
OIT95032,1.10E-27,-
OIT95489,7.00E-61,GO:0016020|GO:0022857|GO:0055085
OIT96144,1.70E-11,GO:0003723|GO:0006396
OIT96144,1.30E-14,-
OIT96144,6.80E-20,-
OIT96144,1.20E-09,GO:0003723
OIT96144,6.10E-08,-
OIT96144,6.60E-16,-
OIT96144,3.20E-07,GO:0003676
OIT95740,2.20E-37,GO:0001522|GO:0003723|GO:0009451|GO:0009982
OIT95740,2.60E-11,GO:0001522|GO:0003723|GO:0009451|GO:0009982
OIT95355,4.70E-20,GO:0003676
OIT95355,2.60E-16,GO:0004812|GO:0005524|GO:0043039
OIT95355,0,GO:0000166|GO:0004813|GO:0005524|GO:0006419
OIT95726,4.60E-64,-
OIT94377,9.60E-14,GO:0001522|GO:0003723|GO:0009451|GO:0009982
OIT94455,3.00E-45,-
OIT95210,1.30E-66,-
OIT95477,3.90E-42,GO:0022857|GO:0055085
OIT95865,1.40E-72,GO:0008168
OIT95855,0,GO:0016020|GO:0022857|GO:0055085
OIT94170,1.80E-08,-
OIT95131,1.90E-29,GO:0019843
OIT95131,9.30E-21,GO:0003723
OIT95151,5.00E-07,-
OIT95151,5.70E-11,-
OIT94596,1.10E-27,GO:0003700|GO:0006355
OIT95127,1.30E-26,GO:0003723|GO:0003743|GO:0006413
OIT96392,1.30E-83,GO:0003723|GO:0004540
OIT96410,3.70E-12,-
OIT94426,9.50E-53,GO:0006807
OIT95180,9.40E-11,GO:0005515
OIT94834,5.90E-18,GO:0003824
OIT95144,4.40E-92,-
OIT95144,4.00E-10,-
OIT94612,3.20E-45,GO:0009058|GO:0030170
OIT94760,1.10E-16,-
OIT94760,1.70E-28,-
OIT94298,3.90E-06,-
OIT93758,1.00E-05,GO:0000166|GO:0004817|GO:0005524|GO:0005737|GO:0006423
OIT93758,7.60E-109,-
OIT94559,3.70E-54,GO:0003824
OIT94361,2.70E-09,-
OIT95354,3.10E-29,GO:0047429
OIT94489,2.70E-21,GO:0003723
OIT94489,9.20E-17,GO:0003700|GO:0031554
OIT92344,2.60E-27,GO:0005198
OIT92344,1.80E-42,GO:0005198
OIT92344,5.80E-13,-
OIT92344,7.50E-11,-
OIT94466,2.80E-10,GO:0003677|GO:0006310|GO:0015074
OIT94466,7.20E-10,-
OIT95362,6.70E-15,-
OIT94470,4.70E-36,GO:0003677|GO:0003899|GO:0006351
OIT94470,7.30E-64,GO:0003677|GO:0003899|GO:0006351
OIT94470,7.20E-17,GO:0003677|GO:0003899|GO:0006351
OIT94470,7.70E-26,GO:0003677|GO:0003899|GO:0006351
OIT94470,1.50E-80,GO:0003677|GO:0003899|GO:0006351
OIT93591,4.90E-80,GO:0004620|GO:0006629|GO:0016020
OIT94969,1.40E-25,-
OIT94969,5.10E-119,GO:0000287|GO:0004743|GO:0006096|GO:0030955
OIT94552,2.50E-09,-
OIT94308,1.10E-18,GO:0016491
OIT96036,1.20E-35,-
OIT94633,1.40E-16,GO:0000160
OIT94633,7.80E-16,-
OIT94633,1.60E-23,GO:0006935|GO:0007165
OIT94633,3.40E-24,GO:0000160
OIT94633,3.40E-17,GO:0000155|GO:0000160|GO:0004673|GO:0005737|GO:0006935
OIT91746,1.30E-07,-
OIT95745,2.40E-35,
OIT95050,2.50E-12,-
OIT95050,7.50E-23,-
OIT95050,3.10E-40,-
OIT96105,2.10E-92,GO:0051287
OIT93916,5.30E-72,GO:0005975
OIT94745,3.60E-23,-
OIT94592,2.40E-40,-
OIT94153,7.80E-44,
OIT94675,4.30E-30,GO:0003677
OIT94734,5.30E-08,GO:0016787
OIT94734,1.40E-08,GO:0016787
OIT95690,1.10E-102,GO:0016020|GO:0022857|GO:0055085
OIT96135,9.10E-75,GO:0000166|GO:0004812|GO:0005524|GO:0006418
OIT94627,1.00E-16,GO:0005524|GO:0016887
OIT95681,1.50E-20,GO:0016491|GO:0043546
OIT95681,8.00E-39,GO:0016491
OIT94151,4.30E-10,GO:0046872
OIT94151,9.30E-27,
OIT94151,1.50E-45,
OIT96054,0,-
OIT96054,2.60E-64,-
OIT94848,6.10E-20,GO:0005506|GO:0016226|GO:0051536
OIT94848,7.80E-47,GO:0005506|GO:0016226|GO:0051536
OIT94848,4.10E-11,-
OIT93749,5.90E-08,GO:0005524|GO:0009029|GO:0009245
OIT93749,1.80E-27,GO:0005524|GO:0009029|GO:0009245
OIT94847,8.30E-78,-
OIT96424,9.70E-22,GO:0006284
OIT95530,5.10E-13,GO:0006464
OIT94691,1.20E-13,GO:0000287|GO:0003723|GO:0005524|GO:0006432
OIT94691,1.60E-29,-
OIT94691,4.90E-20,-
OIT94691,2.30E-21,GO:0000049
OIT94691,6.00E-12,GO:0003723|GO:0004826
OIT94895,9.20E-13,GO:0016020|GO:0055085
OIT95744,1.00E-06,-
OIT95725,1.90E-42,GO:0016021
OIT96131,3.80E-32,-
OIT96131,3.30E-29,GO:0051536
OIT96131,7.40E-06,-
OIT96344,4.30E-98,GO:0008168
OIT93587,1.90E-47,-
OIT94114,4.70E-31,GO:0016020|GO:0055085
OIT95911,3.10E-17,-
OIT95911,0.0006,-
OIT95342,6.00E-11,-
OIT95156,5.90E-11,-
OIT94532,1.10E-36,-
OIT94558,2.10E-47,GO:0016491
OIT94558,1.20E-06,GO:0009055|GO:0020037
OIT96396,0,GO:0046872
OIT94103,2.30E-55,-
OIT93039,1.50E-32,
OIT94249,6.10E-05,-
OIT94249,4.30E-11,
OIT94249,4.00E-12,GO:0016491
OIT94667,4.40E-41,-
OIT95503,9.20E-54,GO:0006508|GO:0008233
OIT96420,3.90E-12,-
OIT94240,1.60E-16,GO:0016020|GO:0055085
OIT94431,1.80E-22,-
OIT94431,8.00E-96,GO:0003937|GO:0004643|GO:0006164
OIT95044,4.40E-49,-
OIT95914,5.90E-30,GO:0004478|GO:0006556
OIT95914,1.20E-50,GO:0004478|GO:0006556
OIT95914,2.20E-31,GO:0004478|GO:0006556
OIT96059,2.40E-06,-
OIT94498,1.80E-77,GO:0005975|GO:0016857
OIT95665,1.60E-26,-
OIT95665,1.10E-12,-
OIT94985,1.40E-15,-
OIT94555,4.80E-12,GO:0006457|GO:0015035|GO:0016021
OIT96386,6.70E-58,GO:0008113
OIT92955,2.40E-05,-
OIT92955,1.70E-09,-
OIT92955,1.80E-12,GO:0009245|GO:0016747
OIT95478,1.00E-51,-
OIT93762,1.20E-19,-
OIT93762,2.50E-31,GO:0008716
OIT95343,6.70E-96,GO:0005524|GO:0006457|GO:0016887|GO:0051082
OIT95343,6.90E-14,-
OIT95885,1.10E-72,GO:0004222|GO:0006508
OIT95885,3.60E-07,-
OIT95034,1.30E-64,GO:0009058
OIT94773,1.80E-52,GO:0009143|GO:0047429
OIT95199,5.40E-37,GO:0005524
OIT96412,6.10E-32,GO:0005524
OIT96412,2.00E-11,GO:0016020
OIT96412,2.50E-33,-
OIT95727,1.80E-05,-
OIT95727,2.60E-13,-
OIT92958,3.40E-40,-
OIT96365,4.00E-07,-
OIT96365,3.30E-07,GO:0005524|GO:0016887
OIT96365,6.80E-37,GO:0005524|GO:0016887
OIT94354,3.40E-30,-
OIT94256,5.40E-53,-
OIT95513,1.60E-74,GO:0016020
OIT95572,3.50E-28,GO:0005524
OIT93600,0,-
OIT94293,4.70E-21,-
OIT94132,1.70E-08,-
OIT94188,2.80E-30,-
OIT96063,1.10E-44,GO:0016884
OIT96063,4.80E-113,GO:0016874
OIT95324,4.60E-60,GO:0008299
OIT94358,1.30E-11,-
OIT96408,4.20E-24,-
OIT94967,9.60E-13,GO:0004594
OIT94608,3.00E-15,GO:0016021|GO:0022857
OIT93918,2.00E-41,-
OIT94100,1.80E-57,-
OIT94625,1.70E-19,GO:0003677|GO:0005524|GO:0016787
OIT95399,2.60E-09,-
OIT95178,3.00E-44,GO:0005524|GO:0009058
OIT95178,8.70E-18,GO:0005524|GO:0009058|GO:0016874
OIT95559,1.40E-07,-
OIT95559,6.80E-22,-
OIT95844,1.10E-32,-
OIT96138,1.30E-32,-
OIT94429,9.60E-19,-
OIT94669,4.70E-15,GO:0016020|GO:0055085
OIT94148,4.10E-22,-
OIT94850,1.10E-48,GO:0004089|GO:0008270
OIT90605,3.70E-27,-
OIT94602,4.80E-24,GO:0046417
OIT94602,5.30E-61,GO:0004664|GO:0009094
OIT93754,1.50E-88,GO:0016829
OIT94756,1.30E-101,GO:0019346|GO:0030170
OIT94791,9.30E-10,GO:0016021
OIT95878,0,-
OIT94654,1.10E-21,GO:0016021
OIT94654,5.30E-23,GO:0016021
OIT94201,0,-
OIT94449,1.80E-81,-
OIT94523,6.00E-10,GO:0003735|GO:0005840|GO:0006412
OIT94215,5.20E-30,-
OIT94598,8.40E-19,-
OIT95350,5.20E-15,GO:0005515
OIT95350,6.70E-53,GO:0006508|GO:0008236
OIT95517,9.80E-24,GO:0006099|GO:0016829
OIT95517,2.10E-102,-
OIT95641,5.70E-15,GO:0003677|GO:0006355
OIT95647,9.90E-38,GO:0003677|GO:0005524|GO:0016787
OIT95647,4.10E-06,-
OIT95647,1.60E-20,GO:0003677|GO:0003824|GO:0006304
OIT93751,1.50E-26,-
OIT93033,2.40E-11,
OIT94886,1.70E-27,-
OIT94886,2.50E-06,-
OIT96431,7.30E-18,GO:0008168|GO:0032259
OIT95046,1.60E-121,-
OIT94168,1.50E-66,GO:0016051
OIT94168,3.90E-08,-
OIT96095,2.70E-27,-
OIT96095,4.00E-34,-
OIT94563,2.10E-105,GO:0015293|GO:0016021
OIT95158,5.20E-06,GO:0003677
OIT95158,1.20E-19,GO:0006284
OIT95888,1.40E-11,-
OIT94412,1.70E-19,-
OIT93444,1.50E-63,-
OIT95678,1.00E-07,GO:0003824
OIT93589,2.20E-44,GO:0016020|GO:0022857
OIT95134,5.00E-46,GO:0000105|GO:0003879|GO:0005737
OIT95134,1.10E-22,GO:0000105|GO:0000287|GO:0003879|GO:0005737
OIT94329,3.20E-14,GO:0003677|GO:0006304
OIT94329,9.50E-23,GO:0003677|GO:0006304
OIT95212,8.30E-25,GO:0008762
OIT94892,4.30E-16,-
OIT94892,2.90E-48,-
OIT94892,0.0048,-
OIT94892,8.80E-08,-
OIT96348,0,GO:0016301|GO:0016310|GO:0016774
OIT94441,1.60E-10,-
OIT95880,0,GO:0000166|GO:0004812|GO:0005524|GO:0006418
OIT95880,1.90E-15,GO:0004812|GO:0006418
OIT95671,3.90E-23,-
OIT95671,2.60E-12,-
OIT95671,2.80E-06,-
OIT94166,3.40E-93,-
OIT94121,1.20E-23,-
OIT95017,1.70E-25,-
OIT94242,9.80E-30,GO:0005524
OIT95839,6.80E-46,GO:0016021|GO:0022857|GO:0055085
OIT94182,9.90E-113,-
OIT94099,1.20E-16,GO:0003824|GO:0051536
OIT94099,5.30E-07,-
OIT94383,7.70E-50,GO:0016491
OIT94236,1.20E-11,GO:0020037
OIT91284,6.20E-42,-
OIT96317,1.40E-12,GO:0005198
OIT93759,2.80E-91,-
OIT92471,8.30E-31,-
OIT94780,6.10E-17,GO:0003824|GO:0051536
OIT95011,3.80E-23,-
OIT93924,1.00E-36,-
OIT94732,6.70E-13,GO:0008168
OIT95893,1.60E-17,-
OIT91557,1.10E-23,GO:0003677|GO:0006310|GO:0015074
OIT95529,3.90E-19,GO:0009058|GO:0016742
OIT95529,3.70E-35,GO:0009058|GO:0016742
OIT95499,3.80E-43,GO:0005525|GO:0006614
OIT94129,6.70E-28,GO:0046353|GO:0046677
OIT96437,4.20E-11,-
OIT96437,1.30E-15,-
OIT96437,2.50E-24,-
OIT95312,4.90E-10,GO:0016491
OIT94141,2.90E-54,GO:0006812|GO:0008324|GO:0055085
OIT95868,1.20E-38,GO:0016787
OIT95868,3.40E-14,-
OIT94839,1.50E-26,GO:0022857|GO:0055085
OIT94844,6.60E-20,GO:0003735|GO:0005840|GO:0006412
OIT95510,0,GO:0005887|GO:0015129|GO:0015727
OIT95236,4.10E-36,GO:0003735|GO:0005840|GO:0006412
OIT94276,1.20E-18,GO:0004797|GO:0005524
OIT96053,7.60E-72,GO:0015105|GO:0015700|GO:0016021
OIT95061,1.80E-42,GO:0005886|GO:0008654|GO:0043772
OIT96093,3.30E-21,GO:0000160|GO:0003677|GO:0006355
OIT96093,2.20E-25,GO:0000160
OIT96399,2.20E-16,-
OIT96399,4.00E-21,-
OIT96399,6.80E-48,GO:0003725
OIT96399,2.30E-13,GO:0008270
OIT96399,1.10E-14,GO:0008270
OIT96083,2.00E-39,-
OIT95864,3.60E-98,-
OIT94661,1.60E-14,GO:0009116
OIT94372,5.00E-47,-
OIT94372,4.40E-32,GO:0003824
OIT95136,1.00E-60,GO:0000105|GO:0004424
OIT95136,4.40E-08,-
OIT94363,2.90E-47,-
OIT94567,6.00E-63,-
OIT94567,7.40E-27,-
OIT90496,9.00E-29,-
OIT94104,2.00E-35,GO:0005737|GO:0006364|GO:0008649
OIT95315,6.80E-21,GO:0005737|GO:0043043
OIT95315,2.30E-23,GO:0003746|GO:0006414
OIT95315,2.70E-24,-
OIT91168,1.00E-40,-
OIT94160,2.70E-29,GO:0097367|GO:1901135
OIT96125,4.00E-25,GO:0000160
OIT96125,3.30E-19,GO:0000160|GO:0003677|GO:0006355
OIT94135,1.20E-07,-
OIT95561,2.10E-67,GO:0019867
OIT95561,3.90E-06,GO:0019867
OIT95561,7.50E-07,GO:0019867
OIT95561,1.30E-05,GO:0019867
OIT95561,2.10E-12,GO:0019867
OIT95561,1.70E-07,GO:0019867
OIT94133,2.30E-21,-
OIT96310,2.30E-37,
OIT96046,4.80E-30,GO:0005524
OIT93597,2.30E-87,-
OIT93597,6.10E-19,-
OIT95892,7.70E-23,GO:0005524|GO:0016887
OIT95892,1.70E-78,GO:0004176|GO:0004252|GO:0006508
OIT95892,1.90E-19,-
OIT95358,2.90E-77,GO:0004325|GO:0006783
OIT92122,5.30E-12,-
OIT95658,5.90E-26,GO:0009058|GO:0016779
OIT95226,3.20E-44,GO:0003735|GO:0005840|GO:0006412
OIT93436,1.80E-24,-
OIT93934,1.00E-27,GO:0016020|GO:0030001|GO:0046873|GO:0055085
OIT93934,6.10E-10,GO:0016020|GO:0030001|GO:0046873|GO:0055085
OIT95053,0,GO:0016020|GO:0022857|GO:0055085
OIT93920,2.10E-14,GO:0008360
OIT94440,7.70E-13,GO:0008080
OIT93755,5.10E-30,-
OIT93755,4.80E-24,-
OIT92631,2.20E-43,-
OIT94963,4.50E-12,GO:0006450
OIT96359,6.50E-09,GO:0006813|GO:0008556
OIT94660,1.10E-15,-
OIT94394,5.30E-79,GO:0004812|GO:0005524|GO:0043039
OIT95677,1.20E-08,-
OIT95677,3.60E-25,GO:0005507|GO:0016491
OIT95677,6.30E-30,GO:0005507
OIT95496,1.90E-10,GO:0003700|GO:0006352|GO:0006355
OIT95496,1.00E-17,GO:0003700|GO:0006352|GO:0006355
OIT96407,5.60E-37,GO:0008199
OIT94710,1.90E-30,GO:0006457|GO:0015035|GO:0016021
OIT90516,1.20E-16,-
OIT95920,2.20E-44,GO:0006396
OIT95039,5.20E-35,-
OIT96142,1.70E-39,GO:0006400|GO:0008176
OIT95359,7.80E-10,-
OIT95183,3.40E-68,GO:0043190
OIT96384,1.00E-37,
OIT94544,3.70E-27,-
OIT94544,6.40E-55,GO:0016021
OIT94237,6.60E-40,GO:0003824|GO:0050660
OIT94237,1.00E-26,GO:0016491|GO:0050660
OIT94237,3.20E-07,-
OIT94533,0,-
OIT94255,1.30E-57,-
OIT91164,5.10E-24,-
OIT95181,2.80E-51,GO:0008299
OIT96128,4.80E-24,GO:0008047|GO:0008233
OIT94768,6.00E-25,GO:0003924|GO:0005525
OIT94768,1.70E-10,GO:0001514|GO:0003723|GO:0003746|GO:0005525|GO:0005737
OIT94371,9.60E-15,-
OIT94371,6.40E-07,-
OIT95849,0,GO:0003677|GO:0003918|GO:0005524|GO:0006265
OIT95849,7.70E-09,GO:0003677|GO:0003916|GO:0005524|GO:0006265
OIT95849,8.90E-09,GO:0003677|GO:0003916|GO:0005524|GO:0006265
OIT95849,1.50E-09,GO:0003677|GO:0003916|GO:0005524|GO:0006265
OIT95849,2.90E-13,GO:0003677|GO:0003916|GO:0005524|GO:0006265
OIT95849,6.40E-13,GO:0003677|GO:0003916|GO:0005524|GO:0006265
OIT95849,5.70E-12,GO:0003677|GO:0003916|GO:0005524|GO:0006265
OIT95518,0,GO:0015556|GO:0015740|GO:0016021
OIT95141,1.30E-76,GO:0000105
OIT94370,5.10E-81,GO:0009306|GO:0016020
OIT93756,3.40E-72,GO:0005737|GO:0016627
OIT96319,3.10E-22,-
OIT96319,2.90E-66,-
OIT96319,5.20E-105,GO:0006260|GO:0008408
OIT96319,6.80E-48,GO:0003824
OIT95698,1.30E-15,GO:0009288|GO:0071973
OIT94681,4.80E-15,GO:0016740
OIT95663,6.70E-23,GO:0008837|GO:0009089
OIT95663,6.70E-12,GO:0008837|GO:0009089
OIT96322,6.20E-37,-
OIT94411,4.70E-35,GO:0003677|GO:0006310|GO:0015074
OIT94411,5.90E-56,-
OIT95672,1.50E-24,GO:0003676|GO:0004519|GO:0043571|GO:0046872|GO:0051607
OIT95337,1.70E-12,-
OIT95337,3.60E-09,-
OIT96415,2.90E-97,-
OIT94496,0,GO:0009228|GO:0051536
OIT94617,2.80E-18,GO:0016020|GO:0055085
OIT94619,3.60E-18,GO:0004222|GO:0016020|GO:0071586
OIT94433,6.30E-10,-
OIT94433,1.20E-30,-
OIT94433,5.50E-12,-
OIT94433,1.10E-19,-
OIT94433,1.80E-18,-
OIT94881,1.00E-77,-
OIT95693,1.90E-18,GO:0003677|GO:0006304
OIT95870,4.80E-37,GO:0070403
OIT95323,2.40E-18,GO:0008883|GO:0033014|GO:0050661
OIT95323,1.00E-37,-
OIT95323,3.00E-38,GO:0008883|GO:0033014|GO:0050661
OIT92780,1.20E-26,GO:0009058|GO:0016779
OIT92343,6.00E-44,-
OIT91841,1.00E-113,-
OIT95563,6.60E-18,-
OIT95229,5.90E-09,GO:0003735|GO:0005840|GO:0006412
OIT95229,1.70E-08,-
OIT96326,3.20E-18,
OIT94770,8.50E-06,-
OIT94770,2.40E-06,-
OIT96320,8.00E-11,-
OIT95852,7.80E-56,GO:0003924|GO:0005525
OIT95852,4.80E-22,-
OIT95852,1.80E-10,GO:0005525
OIT95852,2.30E-47,-
OIT92225,1.90E-12,GO:0008080
OIT94853,3.40E-60,-
OIT94590,6.40E-35,-
OIT94590,3.80E-28,GO:0004315|GO:0006633
OIT95502,2.70E-62,GO:0016787
OIT94319,2.30E-21,GO:0003824
OIT96414,3.40E-08,-
OIT96414,6.00E-37,GO:0016787
OIT94626,8.20E-46,GO:0003677|GO:0006306|GO:0008170
OIT95718,1.10E-15,-
OIT95718,7.50E-09,-
OIT95718,1.20E-19,GO:0016903
OIT95718,9.60E-75,GO:0016491
OIT95718,2.30E-28,GO:0016903
OIT95718,8.20E-10,GO:0003824|GO:0030976
OIT95683,3.90E-24,GO:0009055|GO:0016021
OIT94189,8.50E-12,-
OIT94189,8.20E-38,GO:0016757
OIT95550,7.40E-14,-
OIT95700,3.40E-70,-
OIT94757,2.10E-31,GO:0016021
OIT94325,4.00E-69,GO:0009058|GO:0030170
OIT94656,0,GO:0004612|GO:0005524|GO:0006094
OIT94918,8.10E-62,GO:0009058|GO:0030170
OIT96091,2.20E-06,-
OIT95070,1.10E-52,-
OIT95235,1.80E-23,GO:0003735|GO:0005840|GO:0006412
OIT96439,6.30E-10,-
OIT96439,5.00E-10,-
OIT96439,1.10E-14,GO:0003676|GO:0005524
OIT96439,3.30E-07,-
OIT95003,1.20E-22,-
OIT96395,4.80E-25,-
OIT96395,6.00E-16,-
OIT95475,2.00E-12,-
OIT95475,1.20E-18,GO:0003677|GO:0003824|GO:0006304
OIT93028,8.10E-82,-
OIT94405,1.90E-44,GO:0004252|GO:0006465
OIT96370,1.60E-16,GO:0016787
OIT96370,7.00E-42,-
OIT96370,2.00E-21,-
OIT96370,2.30E-42,
OIT94873,1.50E-30,GO:0016021|GO:0055085
OIT94988,3.70E-07,-
OIT94174,3.00E-45,GO:0033743
OIT96106,1.60E-28,GO:0022857|GO:0055085
OIT96411,1.50E-19,GO:0015562|GO:0055085
OIT96411,1.60E-13,GO:0015562|GO:0055085
OIT96426,2.50E-21,-
OIT96426,5.00E-20,-
OIT92953,2.20E-64,GO:0016021
OIT94309,4.10E-27,
OIT94386,4.20E-31,GO:0003824|GO:0006281
OIT96068,1.80E-80,GO:0004489|GO:0006555
OIT94684,0,GO:0006814|GO:0015655|GO:0016020|GO:0032328
OIT94378,2.30E-81,-
OIT96374,9.90E-21,-
OIT96340,4.90E-13,-
OIT96340,3.90E-09,-
OIT94880,3.80E-69,GO:0005524
OIT94880,1.30E-22,-
OIT94178,1.90E-60,GO:0004176|GO:0004222|GO:0005524|GO:0006508
OIT94178,1.90E-08,GO:0004176|GO:0004222|GO:0005524|GO:0008270|GO:0016021
OIT94178,2.30E-09,-
OIT94178,1.90E-43,GO:0005524|GO:0016887
OIT95900,1.50E-57,-
OIT94399,5.20E-20,GO:0022857|GO:0055085
OIT96307,6.70E-09,GO:0016020|GO:0055085
OIT94331,6.10E-48,GO:0000774|GO:0006457|GO:0042803|GO:0051087
OIT96318,2.00E-13,-
OIT95329,6.60E-65,GO:0016491
OIT95329,1.90E-22,-
OIT94481,3.60E-12,GO:0016020|GO:0055085
OIT94910,1.40E-07,GO:0009055|GO:0020037
OIT94211,2.10E-20,-
OIT94982,1.90E-07,
OIT96079,5.40E-65,GO:0003824|GO:0050660
OIT96079,1.20E-41,GO:0016491|GO:0050660
OIT93200,5.10E-20,GO:0003824|GO:0051536
OIT93200,2.70E-28,GO:0035596|GO:0051539
OIT94176,8.40E-15,GO:0008654|GO:0016020|GO:0016780
OIT94597,3.60E-30,-
OIT94597,4.10E-98,GO:0008661|GO:0016114
OIT94597,2.70E-18,-
OIT95909,1.10E-23,GO:0000166|GO:0004812|GO:0005524|GO:0006418
OIT95909,9.70E-26,GO:0000166|GO:0004812|GO:0005524|GO:0006418
OIT95909,7.50E-61,GO:0002161|GO:0006418
OIT95068,1.60E-06,-
OIT93596,2.40E-22,-
OIT93596,7.70E-33,GO:0005515
OIT93596,1.50E-33,GO:0070402
OIT95173,7.30E-40,GO:0003676|GO:0004523
OIT95500,3.90E-20,GO:0003848|GO:0009396
OIT95147,1.10E-42,GO:0004781
OIT94397,1.00E-19,GO:0009306|GO:0016020
OIT95321,1.70E-13,GO:0004418|GO:0033014
OIT95321,2.10E-73,GO:0004418|GO:0033014
OIT94887,8.30E-22,-
OIT94887,4.20E-33,GO:0052855
OIT95345,1.40E-21,GO:0016746
OIT96357,5.60E-69,GO:0006813|GO:0008556
OIT96124,2.30E-12,GO:0031072|GO:0051082
OIT96124,3.30E-27,-
OIT96124,3.00E-37,-
OIT94510,6.80E-05,-
OIT94998,7.50E-09,-
OIT94539,5.00E-55,GO:0004520|GO:0006281|GO:0006310
OIT96097,1.50E-59,GO:0006812|GO:0015299|GO:0016021|GO:0055085
OIT96097,4.50E-12,GO:0006813
OIT96331,3.20E-11,-
OIT96338,2.60E-125,GO:0004356|GO:0006807
OIT96338,8.10E-32,GO:0004356|GO:0006542|GO:0006807
OIT96373,8.40E-22,GO:0005525
OIT96137,1.60E-10,GO:0003677|GO:0003899|GO:0006351
OIT93448,2.20E-05,-
OIT93448,8.10E-27,-
OIT95160,6.10E-18,-
OIT94253,6.10E-24,-
OIT94209,3.50E-08,-
OIT94209,4.00E-27,GO:0009055|GO:0051536
OIT94250,3.20E-98,GO:0016020
OIT94703,4.70E-32,-
OIT96132,3.10E-26,GO:0016491
OIT96132,3.60E-38,GO:0016645
OIT96136,1.10E-16,-
OIT96136,7.60E-08,-
OIT96136,7.30E-34,GO:0015969
OIT96136,1.90E-38,
OIT95861,2.40E-23,GO:0005975|GO:0016758|GO:0030259
OIT95861,8.80E-41,GO:0016758
OIT93202,1.30E-89,-
OIT92633,8.00E-13,-
OIT95838,6.00E-42,GO:0016021|GO:0022857|GO:0055085
OIT94203,4.10E-07,GO:0042834
OIT94155,1.50E-07,GO:0046872
OIT94155,5.90E-28,
OIT94155,1.20E-45,
OIT94155,6.10E-11,-
OIT94522,1.20E-25,GO:0003735|GO:0005840|GO:0006412
OIT94501,2.90E-11,-
OIT94501,7.70E-33,GO:0007165|GO:0016020
OIT94896,7.70E-26,GO:0005524
OIT94317,5.60E-80,-
OIT96042,5.30E-20,GO:0015031
OIT96094,1.60E-32,
OIT96094,2.90E-06,GO:0005515
OIT96094,4.00E-15,GO:0005515
OIT95074,1.30E-28,GO:0009007|GO:0032775
OIT96086,6.80E-27,GO:0005524|GO:0006457|GO:0016887
OIT94313,8.30E-17,-
OIT94313,1.80E-37,GO:0005524
OIT94771,4.80E-15,-
OIT96398,3.40E-32,-
OIT95724,3.90E-13,-
OIT95724,5.70E-18,-
OIT95922,3.80E-06,GO:0005524
OIT95877,0,GO:0003824
OIT95877,4.10E-13,-
OIT95877,1.00E-08,-
OIT96121,8.20E-25,GO:0022857|GO:0055085
OIT94196,0,-
OIT95065,4.00E-51,-
OIT94453,3.60E-12,GO:0016787
OIT94159,2.70E-38,-
OIT94159,1.50E-14,GO:0003824|GO:0009058
OIT95353,1.00E-57,-
OIT95353,1.40E-34,GO:0008658
OIT94261,3.70E-06,-
OIT95491,2.10E-25,-
OIT94439,5.60E-23,GO:0003735|GO:0005840|GO:0006412
OIT96066,4.20E-80,-
OIT94504,2.30E-52,-
OIT94504,2.70E-30,-
OIT95237,1.20E-29,GO:0003735|GO:0005840|GO:0006412
OIT95237,1.30E-55,GO:0003735|GO:0005840|GO:0006412
